,train/policy/clipfrac_avg,train/objective/non_score_reward,_runtime,train/objective/kl,train/lr,completions,_timestamp,train/val/ratio,train/val/clipfrac_avg,train/objective/entropy,train/policy/entropy_avg,train/val/num_eos_tokens,train/policy/approxkl_avg,train/episode,train/global_step,train/val/ratio_var,train/objective/scores,_step,train/eps,train/loss/value_avg,train/objective/rlhf_reward,train/loss/policy_avg,train/epoch
0,0.265380859375,-0.0007055678870528936,7.659574637,0.03527839481830597,1.4e-05,,1782157814.070264,1.2123205661773682,0.542236328125,100.23665618896484,0.7974159717559814,0.0,0.31648582220077515,8.0,1,0.028830690309405327,-0.6328125,0,0.0,5.974367618560791,-0.6335180401802063,-0.057020749896764755,4.9751243781094526e-05
1,,,13.181143376,,,"{'size': 5602, 'ncols': 3, '_latest_artifact_path': 'wandb-client-artifact://20rpip6b8tw73qztrcms7x1dz2yyi226mexsu6ed3s8i84ofm12jw8ds4neo3igb41r9l3mvyvxb7ewi3cgyyutsr9a6ijypa6xl55tsnljdm8k7qnfcy65luy3j40h2:latest/completions.table.json', 'log_mode': 'IMMUTABLE', '_type': 'table-file', 'nrows': 8, 'artifact_path': 'wandb-client-artifact://6fysqiyvrj4rn5yam676u3o9bvxjz6rly5h6roui00phpf5mkfpdvagryfgcaoskryaq4nhuzdiq8iebn3ehrxytf0vhp6bra7wu1utrsjk8rn7tb5iqeqny9ayp7lxq/completions.table.json', 'path': 'media/table/completions_1_eadf691744de8abb2af9.table.json', 'sha256': 'eadf691744de8abb2af90eb0019f8ed21c158e6b7d88ff1c68fbb25f607f6168'}",1782157819.592226,,,,,,,,1,,,1,,,,,
2,0.210693359375,-0.03378383070230484,19.458338283,1.6891915798187256,1.3988799999999999e-05,,1782157825.8688507,1.0383448600769043,0.46435546875,131.6427764892578,0.9744706749916077,0.0,0.3326333165168762,16.0,2,0.0018021940486505628,-2.515625,2,0.0,3.4901130199432373,-2.5494089126586914,-0.05412977561354637,9.950248756218905e-05
3,0.140380859375,-0.18356190621852875,26.186478334,9.178095817565918,1.39776e-05,,1782157832.5971072,1.0335118770599365,0.37060546875,105.13551330566406,0.8205482959747314,0.0,0.19426068663597107,24.0,3,0.0012920734006911516,-4.09375,3,0.0,3.5132393836975098,-4.2773118019104,-0.04006526619195938,0.00014925373134328358
4,0.154296875,-0.2465662658214569,32.966322235,12.328313827514648,1.39664e-05,,1782157839.3767927,1.0226802825927734,0.32763671875,100.7052001953125,0.7989560961723328,0.0,0.08325600624084473,32.0,4,0.0005106335156597197,-3.375,4,0.0,3.1347644329071045,-3.6215662956237793,-0.04136628285050392,0.0001990049751243781
5,0.126708984375,-0.19195976853370667,39.531606851,9.597989082336426,1.39552e-05,,1782157845.9420464,1.011813998222351,0.28564453125,97.30560302734375,0.8034424781799316,0.0,0.03771675378084183,40.0,5,0.00021014105004724115,-0.08349609375,5,0.0,3.083683967590332,-0.27545586228370667,-0.0358855202794075,0.0002487562189054726
6,0.1181640625,-0.3549978733062744,46.099528026,17.749893188476562,1.3943999999999999e-05,,1782157852.5102997,1.0223689079284668,0.326171875,107.66967010498047,0.8032170534133911,0.0,0.02481466718018055,48.0,6,0.00042548446799628437,1.3671875,6,1.0,2.8102877140045166,1.0121896266937256,-0.03540557622909546,0.00029850746268656717
7,0.126220703125,-0.13216063380241394,53.083355192,6.6080322265625,1.39328e-05,,1782157859.4938426,1.0064778327941895,0.243896484375,117.58926391601562,0.9047908782958984,0.0,0.09865239262580872,56.0,7,0.00012364203575998545,-0.5078125,7,1.0,1.997241735458374,-0.6399731636047363,-0.03913334384560585,0.0003482587064676617
8,0.106689453125,-0.16887158155441284,59.75863079,8.44357967376709,1.3921599999999999e-05,,1782157866.1691017,1.00958251953125,0.3837890625,87.86393737792969,0.715585470199585,0.0,0.0317109152674675,64.0,8,0.0001012125940178521,2.25,8,1.0,2.1228818893432617,2.0811283588409424,-0.03350178524851799,0.0003980099502487562
9,0.103271484375,-0.17740730941295624,66.305697156,8.870365142822266,1.39104e-05,,1782157872.7162132,1.0129895210266113,0.283203125,93.24182891845703,0.7003647089004517,0.0,0.02959352731704712,72.0,9,0.00018852580979000777,-2.71875,9,1.0,1.5116429328918457,-2.8961572647094727,-0.03228044509887695,0.00044776119402985075
10,0.1025390625,-0.38097715377807617,73.025619504,19.048858642578125,1.38992e-05,,1782157879.4362643,1.0171422958374023,0.220703125,101.31881713867188,0.7278547286987305,0.0,0.019312091171741486,80.0,10,0.0004152575274929404,-1.4765625,10,1.0,1.141434669494629,-1.8575396537780762,-0.030978422611951828,0.0004975124378109452
11,0.122802734375,-0.3672677278518677,79.802828619,18.363386154174805,1.3888e-05,,1782157886.2133384,1.010871410369873,0.197021484375,101.75223541259766,0.7884010076522827,0.0,0.041042789816856384,88.0,11,0.0002633276453707367,-0.12890625,11,1.0,0.8733133673667908,-0.4961739778518677,-0.03680441901087761,0.0005472636815920398
12,0.113525390625,-0.33488917350769043,86.45485395,16.74445915222168,1.3876799999999999e-05,,1782157892.8656094,1.019458293914795,0.230712890625,99.20452880859375,0.7738109230995178,0.0,0.03189270943403244,96.0,12,0.0005026742001064122,-1.7265625,12,1.0,0.7737913727760315,-2.0614516735076904,-0.03393641486763954,0.0005970149253731343
13,0.097412109375,-0.33039990067481995,93.083635875,16.519994735717773,1.38656e-05,,1782157899.4942677,1.0396003723144531,0.252685546875,98.7139892578125,0.7674849033355713,0.0,0.02922213077545166,104.0,13,0.0011007216526195407,-1.3671875,13,1.0,0.9887820482254028,-1.6975873708724976,-0.030199069529771805,0.0006467661691542288
14,0.111083984375,-0.29753661155700684,99.599594742,14.876829147338867,1.38544e-05,,1782157906.0103412,1.010523796081543,0.1484375,99.40782165527344,0.7508150339126587,0.0,0.02906031161546707,112.0,14,0.00016272412904072553,-1.1171875,14,1.0,0.608136773109436,-1.4147241115570068,-0.03314086049795151,0.0006965174129353234
15,0.129638671875,-0.2831813097000122,106.18687449,14.159066200256348,1.38432e-05,,1782157912.597617,1.0141468048095703,0.193603515625,112.04725646972656,0.8024792671203613,0.0,0.06141956150531769,120.0,15,0.00027030264027416706,-1.4453125,15,1.0,0.5510708093643188,-1.7284938097000122,-0.031639762222766876,0.0007462686567164179
16,0.123779296875,-0.3388564884662628,112.845981886,16.942825317382812,1.3831999999999999e-05,,1782157919.256669,1.0136629343032837,0.244384765625,103.0240707397461,0.7353096604347229,0.0,0.06551505625247955,128.0,16,0.0002650977112352848,-2.125,16,1.0,0.9330794811248779,-2.4638564586639404,-0.02848426252603531,0.0007960199004975124
17,0.112548828125,-0.3444753885269165,119.326804522,17.223770141601562,1.38208e-05,,1782157925.7373366,1.00459885597229,0.10546875,108.71214294433594,0.7996956706047058,0.0,0.020503558218479156,136.0,17,3.8685589970555156e-05,-0.9921875,17,1.0,0.48574668169021606,-1.3366628885269165,-0.032216865569353104,0.000845771144278607
18,0.096435546875,-0.3404666781425476,125.882813912,17.023334503173828,1.38096e-05,,1782157932.29343,1.0107793807983398,0.18115234375,80.44656372070312,0.6225688457489014,0.0,0.020284194499254227,144.0,18,0.00010223368735751137,-1.7421875,18,1.0,0.5151855945587158,-2.0826542377471924,-0.02517908252775669,0.0008955223880597015
19,0.105712890625,-0.32825735211372375,132.621219101,16.41286849975586,1.37984e-05,,1782157939.0320282,1.0141851902008057,0.1875,107.83493041992188,0.8484853506088257,0.0,0.018180061131715775,152.0,19,0.00028586515691131353,-2.1875,19,1.0,0.4225224554538727,-2.5157573223114014,-0.031522296369075775,0.000945273631840796
20,0.080322265625,-0.3661942780017853,139.257157364,18.30971336364746,1.37872e-05,,1782157945.6675935,0.9969229102134705,0.22607421875,95.81626892089844,0.822818398475647,0.0,0.011931556276977062,160.0,20,9.305359526479151e-06,-1.625,20,1.0,0.8431708216667175,-1.991194248199463,-0.026302505284547806,0.0009950248756218905
21,0.0888671875,-0.3716840147972107,145.877088632,18.58420181274414,1.3776e-05,,1782157952.2877662,1.0067951679229736,0.102783203125,96.5703125,0.7667647004127502,0.0,0.022473938763141632,168.0,21,0.00013232779747340828,-1.359375,21,1.0,0.7307217717170715,-1.7310590744018555,-0.026538057252764702,0.001044776119402985
22,0.0927734375,-0.29043713212013245,152.241848251,14.521856307983398,1.3764799999999999e-05,,1782157958.6523771,1.0007731914520264,0.103759765625,99.7864761352539,0.729536771774292,0.0,0.023519515991210938,176.0,22,4.7645720769651234e-05,-0.42578125,22,1.0,0.7708874940872192,-0.7162183523178101,-0.021716495975852013,0.0010945273631840797
23,0.096435546875,-0.38910430669784546,158.948734596,19.455215454101562,1.37536e-05,,1782157965.3591645,1.0016266107559204,0.109375,97.79356384277344,0.7900158166885376,0.0,0.018312472850084305,184.0,23,2.8200327051308705e-06,-0.314453125,23,1.0,0.6154847741127014,-0.7035574316978455,-0.027267150580883026,0.0011442786069651742
24,0.1083984375,-0.4751587510108948,165.589719047,23.757938385009766,1.37424e-05,,1782157972.000385,1.001003623008728,0.225341796875,100.41658020019531,0.7453864812850952,0.0,0.033441878855228424,192.0,24,1.03238235169556e-05,-1.34375,24,1.0,0.34451958537101746,-1.81890869140625,-0.03202515468001366,0.0011940298507462687
25,0.118408203125,-0.36724066734313965,172.267687135,18.36203384399414,1.37312e-05,,1782157978.678387,1.0074496269226074,0.325439453125,104.11347961425781,0.7423535585403442,0.0,0.0545659102499485,200.0,25,7.59421891416423e-05,0.96875,25,1.0,0.48105645179748535,0.6015093326568604,-0.03581919148564339,0.0012437810945273632
26,0.118896484375,-0.36866137385368347,178.728307851,18.43307113647461,1.3719999999999999e-05,,1782157985.1391065,1.0045939683914185,0.103271484375,107.46977233886719,0.766137957572937,0.0,0.03061428666114807,208.0,26,4.990941670257598e-05,-0.94140625,26,1.0,0.29367494583129883,-1.3100676536560059,-0.03126119449734688,0.0012935323383084577
27,0.10795454680919647,-0.3928065598011017,185.443851113,19.64032745361328,1.37088e-05,,1782157991.854449,1.0198187828063965,0.059723593294620514,90.33692932128906,0.7277921438217163,0.0,0.03434169292449951,216.0,27,0.0004634017823264003,-2.328125,27,1.0,0.3994932174682617,-2.7209315299987793,-0.02953372523188591,0.0013432835820895521
28,0.1044921875,-0.41487330198287964,192.276996574,20.743663787841797,1.36976e-05,,1782157998.6875226,1.018627405166626,0.080810546875,100.3133773803711,0.7527869939804077,0.0,0.01948276348412037,224.0,28,0.00040538760367780924,-0.7265625,28,1.0,0.4299880862236023,-1.1414358615875244,-0.02873792126774788,0.0013930348258706469
29,0.09795168042182922,-0.3182244300842285,199.124503179,15.911223411560059,1.36864e-05,,1782158005.535122,1.0200371742248535,0.07214060425758362,78.58810424804688,0.6997864246368408,0.0,0.03361557051539421,232.0,29,0.0004626759036909789,-0.7421875,29,1.0,0.3827632665634155,-1.0604119300842285,-0.024935558438301086,0.0014427860696517413
30,0.09824120998382568,-0.4761851131916046,206.322524603,23.809255599975586,1.3675199999999999e-05,,1782158012.7332032,1.0166456699371338,0.2560240924358368,83.42777252197266,0.7351466417312622,0.0,0.03649596869945526,240.0,30,0.00028985782410018146,-2.71875,30,1.0,0.9020557403564453,-3.1949350833892822,-0.026063842698931694,0.0014925373134328358
31,0.100341796875,-0.4932226538658142,213.04815606,24.6611328125,1.3664e-05,,1782158019.4589217,1.132476806640625,0.24658203125,97.93656921386719,0.7856128811836243,0.0,0.03580305352807045,248.0,31,0.03932258114218712,-1.328125,31,1.0,0.8840706944465637,-1.821347713470459,-0.029414460062980652,0.0015422885572139303
32,0.120849609375,-0.45118582248687744,219.855707201,22.559293746948242,1.3652799999999999e-05,,1782158026.2663522,0.9797900915145874,0.22509765625,109.85173034667969,0.8738681674003601,0.0,0.04880741983652115,256.0,32,0.0003271385794505477,1.734375,32,1.0,1.1306538581848145,1.2831891775131226,-0.025180179625749588,0.0015920398009950248
33,0.106201171875,-0.7568862438201904,226.381174949,37.84430694580078,1.36416e-05,,1782158032.791995,1.0054866075515747,0.2451171875,89.8096694946289,0.7130096554756165,0.0,0.025589386001229286,264.0,33,8.115193486446515e-05,3.015625,33,1.0,0.666141152381897,2.2587387561798096,-0.029142111539840698,0.0016417910447761193
34,0.09333700686693192,-0.4995155930519104,232.804762743,24.975780487060547,1.36304e-05,,1782158039.215494,1.0095624923706055,0.17794278264045715,61.55415344238281,0.6763982176780701,0.0,0.02151220478117466,272.0,34,0.0001193925563711673,-1.3828125,34,1.0,0.5127478241920471,-1.8823280334472656,-0.027910608798265457,0.001691542288557214
35,0.12823276221752167,-0.6405619382858276,239.477382511,32.028099060058594,1.36192e-05,,1782158045.8878314,1.0056328773498535,0.22685682773590088,76.68867492675781,0.7784727811813354,0.0,0.04638299345970154,280.0,35,7.008361717453226e-05,0.73828125,35,1.0,0.32443124055862427,0.09771931171417236,-0.03348134458065033,0.0017412935323383085
36,0.095947265625,-0.5440095067024231,246.423056823,27.20047378540039,1.3607999999999999e-05,,1782158052.8337593,1.035440444946289,0.13916015625,83.72854614257812,0.6377533674240112,0.0,0.02919640764594078,288.0,36,0.0023945996072143316,0.1806640625,36,1.0,0.9896116852760315,-0.3633454442024231,-0.025362307205796242,0.001791044776119403
37,0.100830078125,-0.43202120065689087,253.348798448,21.601058959960938,1.3596799999999998e-05,,1782158059.7593498,1.011626958847046,0.167724609375,92.465087890625,0.736562967300415,0.0,0.03867548704147339,296.0,37,0.00019826488278340548,-2.5,37,1.0,0.5033146142959595,-2.932021141052246,-0.030315697193145752,0.0018407960199004975
38,0.111572265625,-0.47752049565315247,260.327450205,23.87602424621582,1.35856e-05,,1782158066.738076,1.01949942111969,0.212646484375,91.47695922851562,0.6946201324462891,0.0,0.039098989218473434,304.0,38,0.0006343199056573212,-3.71875,38,1.0,0.5686211585998535,-4.19627046585083,-0.03106566146016121,0.001890547263681592
39,0.10055723786354065,-0.5104859471321106,266.990675928,25.524295806884766,1.35744e-05,,1782158073.399907,1.021141529083252,0.1100708469748497,88.26100158691406,0.7973347902297974,0.0,0.03344015032052994,312.0,39,0.0003789712209254503,-0.18359375,39,1.0,0.8619177937507629,-0.6940796971321106,-0.029588142409920692,0.0019402985074626865
40,0.08984375,-0.47432297468185425,274.527622713,23.716148376464844,1.35632e-05,,1782158080.9382212,1.0011215209960938,0.08154296875,98.05831909179688,0.7607259750366211,0.0,0.03243378922343254,320.0,40,2.760482493613381e-05,-0.84375,40,1.0,0.6161697506904602,-1.318073034286499,-0.027925090864300728,0.001990049751243781
41,0.11138080060482025,-0.4413665235042572,282.096280771,22.068326950073242,1.3552e-05,,1782158088.507058,0.9959914684295654,0.09408602118492126,71.36503601074219,0.7237755060195923,0.0,0.0184643417596817,328.0,41,3.2883337553357705e-05,-0.1533203125,41,1.0,0.5055157542228699,-0.5946868658065796,-0.029260460287332535,0.0020398009950248755
42,0.11690283566713333,-0.49369731545448303,288.785305429,24.68486785888672,1.35408e-05,,1782158095.195697,1.006716251373291,0.06691919267177582,96.23930358886719,0.8421275019645691,0.0,0.03355540335178375,336.0,42,0.0001440087507944554,-1.2421875,42,1.0,0.30846869945526123,-1.7358847856521606,-0.027668412774801254,0.00208955223880597
43,0.0859375,-0.5114477276802063,297.133091534,25.5723876953125,1.35296e-05,,1782158103.5437827,1.0253400802612305,0.13037109375,88.21830749511719,0.7232174873352051,0.0,0.019494380801916122,344.0,43,0.0006399110425263643,-0.56640625,43,1.0,0.8617064952850342,-1.0778539180755615,-0.023867018520832062,0.002139303482587065
44,0.1056056022644043,-0.7015206813812256,304.067110391,35.0760383605957,1.35184e-05,,1782158110.477534,1.0082476139068604,0.1615000069141388,81.93460083007812,0.6824459433555603,0.0,0.0676640048623085,352.0,44,7.936174370115623e-05,0.322265625,44,1.0,0.8710703253746033,-0.3792550563812256,-0.029788516461849213,0.0021890547263681594
45,0.1416015625,-0.5464800000190735,311.608280491,27.323999404907227,1.35072e-05,,1782158118.0189686,1.0295090675354004,0.205078125,105.30339050292969,0.8155016899108887,0.0,0.05893270671367645,360.0,45,0.0011140970746055245,-2.296875,45,1.0,0.3113282322883606,-2.8433549404144287,-0.03799061477184296,0.002238805970149254
46,0.0908203125,-0.5729557275772095,318.558288664,28.647789001464844,1.3496e-05,,1782158124.9683745,1.0432460308074951,0.1298828125,111.890625,0.8874273896217346,0.0,0.028866169974207878,368.0,46,0.001607450656592846,-0.921875,46,1.0,0.914962649345398,-1.4948307275772095,-0.024721659719944,0.0022885572139303484
47,0.105712890625,-0.5351250171661377,325.82309911,26.75625228881836,1.3484799999999998e-05,,1782158132.233129,1.052725076675415,0.183837890625,86.67142486572266,0.7017526626586914,0.0,0.041043661534786224,376.0,47,0.003680410562083125,-2.625,47,1.0,0.4203009605407715,-3.1601250171661377,-0.027133850380778313,0.002338308457711443
48,0.097900390625,-0.6132702827453613,333.060375361,30.663516998291016,1.3473600000000001e-05,,1782158139.4708781,1.0017997026443481,0.1982421875,112.11971282958984,0.9108498096466064,0.0,0.018373725935816765,384.0,48,4.43740573246032e-05,0.125,48,1.0,1.3262012004852295,-0.48827028274536133,-0.029631514102220535,0.0023880597014925373
49,0.126953125,-0.7842512726783752,339.975467391,39.212562561035156,1.34624e-05,,1782158146.3860111,0.9949397444725037,0.115234375,111.35707092285156,0.8498413562774658,0.0,0.032187897711992264,392.0,49,8.456033356196713e-06,0.7890625,49,1.0,0.4126220941543579,0.004811227321624756,-0.03159558027982712,0.002437810945273632
50,0.10019940137863159,-0.6322120428085327,347.037746336,31.610605239868164,1.34512e-05,,1782158153.4484115,1.0076186656951904,0.0751992017030716,117.98861694335938,0.899189829826355,0.0,0.04065392166376114,400.0,50,0.00012141002662247047,-1.9375,50,1.0,0.5907564163208008,-2.5697121620178223,-0.02330288290977478,0.0024875621890547263
51,0.1376953125,-0.7940851449966431,354.552100789,39.70425796508789,1.344e-05,,1782158160.962532,1.043979287147522,0.101318359375,120.60853576660156,0.8917256593704224,0.0,0.0521010160446167,408.0,51,0.002164315665140748,-0.71484375,51,1.0,0.6085130572319031,-1.508928894996643,-0.03547854349017143,0.002537313432835821
52,0.11213047802448273,-0.7982863783836365,361.337066191,39.9143180847168,1.3428800000000001e-05,,1782158167.7474258,1.1835846900939941,0.1046333983540535,101.43203735351562,0.872193455696106,0.0,0.03688216954469681,416.0,52,0.04176011309027672,-0.9140625,52,1.0,0.4789254069328308,-1.7123489379882812,-0.030712492763996124,0.0025870646766169153
53,0.087646484375,-0.6891981363296509,367.957933683,34.45990753173828,1.34176e-05,,1782158174.3683715,1.007096290588379,0.18603515625,99.29188537597656,0.8040967583656311,0.0,0.018153980374336243,424.0,53,5.79161751375068e-05,-0.1279296875,53,1.0,1.183717131614685,-0.8171278238296509,-0.024447955191135406,0.00263681592039801
54,0.1328451931476593,-0.7390776872634888,374.694563658,36.953880310058594,1.34064e-05,,1782158181.1052477,1.0164966583251953,0.06765934824943542,82.77594757080078,0.762443482875824,0.0,0.07275959849357605,432.0,54,0.000223254130105488,-2.0625,54,1.0,0.17768532037734985,-2.801577568054199,-0.03130161389708519,0.0026865671641791043
55,0.10595703125,-0.7997010946273804,381.448006726,39.98505401611328,1.33952e-05,,1782158187.8587258,1.0195549726486206,0.1337890625,95.88619995117188,0.7718526721000671,0.0,0.03622211515903473,440.0,55,0.0003538551100064069,-1.6015625,55,1.0,0.775665283203125,-2.40126371383667,-0.029388967901468277,0.002736318407960199
56,0.13098879158496857,-0.8468310236930847,388.177129386,42.341552734375,1.3384e-05,,1782158194.5873995,1.0340638160705566,0.11048879474401474,101.36807250976562,0.8953776359558105,0.0,0.040132075548172,448.0,56,0.0015417499234899879,-1.5,56,1.0,0.56398606300354,-2.3468310832977295,-0.03357887268066406,0.0027860696517412937
57,0.100830078125,-0.8910569548606873,395.389270769,44.55284881591797,1.33728e-05,,1782158201.7996976,1.037313461303711,0.222900390625,100.14196014404297,0.7568196654319763,0.0,0.04976748675107956,456.0,57,0.0017225852934643626,-0.921875,57,1.0,0.8447211384773254,-1.812932014465332,-0.02492772415280342,0.002835820895522388
58,0.12744140625,-0.7397595643997192,402.089851422,36.98798370361328,1.3361600000000001e-05,,1782158208.5003383,1.0004454851150513,0.250732421875,105.07829284667969,0.8319374322891235,0.0,0.02383534237742424,464.0,58,1.0977815918522538e-06,1.6484375,58,1.0,0.5769997835159302,0.9086779356002808,-0.03307235985994339,0.0028855721393034827
59,0.11834170669317245,-0.6388629078865051,408.936105007,31.943145751953125,1.33504e-05,,1782158215.3466055,1.0113039016723633,0.13428714871406555,91.04925537109375,0.7968659996986389,0.0,0.025171682238578796,472.0,59,7.901014032540843e-05,-1.71875,59,1.0,0.2955152988433838,-2.3576128482818604,-0.03269660100340843,0.002935323383084577
60,0.14300411939620972,-1.0273089408874512,415.588854779,51.365447998046875,1.33392e-05,,1782158221.9995272,1.0053898096084595,0.20123203098773956,106.88298034667969,0.9498097896575928,0.0,0.0792679712176323,480.0,60,0.0001410179684171453,-0.014892578125,60,1.0,0.6150594353675842,-1.0422015190124512,-0.03827287629246712,0.0029850746268656717
61,0.108642578125,-0.632326602935791,422.508537086,31.6163330078125,1.3327999999999998e-05,,1782158228.9190352,1.001747965812683,0.27490234375,101.08934020996094,0.8136317729949951,0.0,0.020159730687737465,488.0,61,7.609220574522624e-06,1.53125,61,1.0,1.0223653316497803,0.898923397064209,-0.026778090745210648,0.003034825870646766
62,0.09285004436969757,-0.8848012685775757,429.121987596,44.24005889892578,1.3316800000000001e-05,,1782158235.5322957,1.0078660249710083,0.1507936418056488,83.18431091308594,0.7016257047653198,0.0,0.06908149272203445,496.0,62,0.0001111924575525336,-1.0625,62,1.0,0.4812586009502411,-1.9473012685775757,-0.023894086480140686,0.0030845771144278607
63,0.09521484375,-0.6694161891937256,436.079715998,33.4708137512207,1.33056e-05,,1782158242.490333,1.0340467691421509,0.076171875,104.39386749267578,0.8376215100288391,0.0,0.0380537211894989,504.0,63,0.0012903111055493355,-1.359375,63,1.0,0.5749881863594055,-2.0287911891937256,-0.023224741220474243,0.003134328358208955
64,0.104248046875,-0.7489631175994873,442.845280695,37.44815444946289,1.32944e-05,,1782158249.2559261,1.0311157703399658,0.16162109375,108.33621978759766,0.8051326274871826,0.0,0.0221870020031929,512.0,64,0.0015207086689770222,0.96875,64,1.0,0.6549584269523621,0.2197868824005127,-0.025843027979135513,0.0031840796019900496
65,0.138427734375,-0.757704496383667,449.684332148,37.88522720336914,1.32832e-05,,1782158256.0949037,1.0090395212173462,0.131591796875,125.93437194824219,0.8910022377967834,0.0,0.029274754226207733,520.0,65,0.0001359902526019141,-2.03125,65,1.0,0.3360968232154846,-2.788954496383667,-0.03308015689253807,0.003233830845771144
66,0.140625,-0.6518412828445435,456.39998227,32.59206771850586,1.3272e-05,,1782158262.8106306,1.1518534421920776,0.12451171875,121.57373809814453,0.9334802627563477,0.0,0.04861074686050415,528.0,66,0.04602492228150368,-2.765625,66,1.0,0.3488582372665405,-3.417466163635254,-0.035055868327617645,0.0032835820895522386
67,0.116455078125,-0.8969124555587769,463.209004021,44.84562683105469,1.32608e-05,,1782158269.619579,1.0180131196975708,0.111083984375,102.15745544433594,0.8174806833267212,0.0,0.029974430799484253,536.0,67,0.00031117431353777647,-1.984375,67,1.0,0.3511098325252533,-2.8812875747680664,-0.03509669750928879,0.0033333333333333335
68,0.135498046875,-0.7489748597145081,469.87212456,37.44873809814453,1.32496e-05,,1782158276.2827713,1.0046088695526123,0.153564453125,108.01065063476562,0.8334221839904785,0.0,0.03413712605834007,544.0,68,2.5914094294421375e-05,0.609375,68,1.0,0.17536401748657227,-0.13959985971450806,-0.032987579703330994,0.003383084577114428
69,0.09799554198980331,-0.5784181356430054,476.758313274,28.920909881591797,1.32384e-05,,1782158283.1689157,1.0134655237197876,0.11249999701976776,56.04345703125,0.7554854154586792,0.0,0.20822513103485107,552.0,69,0.0001715580583550036,-1.3671875,69,1.0,0.48561081290245056,-1.9456056356430054,-0.022451967000961304,0.0034328358208955225
70,0.1146496832370758,-0.6429831981658936,483.468827493,32.1491584777832,1.32272e-05,,1782158289.8794289,1.0239588022232056,0.030985169112682343,74.24562072753906,0.7760252356529236,0.0,0.01928822696208954,560.0,70,0.0005604903562925756,-2.125,70,1.0,0.1509779840707779,-2.7679831981658936,-0.027104578912258148,0.003482587064676617
71,0.12158203125,-0.8620173335075378,490.21791487,43.100868225097656,1.3215999999999998e-05,,1782158296.628454,1.0088454484939575,0.16015625,96.98422241210938,0.7740514278411865,0.0,0.04988551139831543,568.0,71,6.559699977515265e-05,0.1396484375,71,1.0,0.7549562454223633,-0.7223688960075378,-0.034253813326358795,0.0035323383084577115
72,0.1310272514820099,-0.7909202575683594,496.961453029,39.546016693115234,1.3204800000000001e-05,,1782158303.3720582,1.0052140951156616,0.02327405847609043,90.04560089111328,0.8284467458724976,0.0,0.02500269189476967,576.0,72,0.00010506642138352618,0.1259765625,72,1.0,0.185127392411232,-0.6649436950683594,-0.03479648008942604,0.003582089552238806
73,0.112060546875,-0.8021368980407715,503.687715093,40.10684585571289,1.31936e-05,,1782158310.0980244,1.0200897455215454,0.079345703125,102.29460906982422,0.8223026990890503,0.0,0.024748852476477623,584.0,73,0.00045977640547789633,-0.75390625,73,1.0,0.3259933590888977,-1.5560431480407715,-0.03132881969213486,0.0036318407960199005
74,0.11574073880910873,-0.5532764196395874,510.547476866,27.663818359375,1.31824e-05,,1782158316.9580657,0.9945639371871948,0.1095108687877655,77.84776306152344,0.7849673628807068,0.0,0.026499921455979347,592.0,74,1.0205690159637015e-05,0.5859375,74,1.0,0.3735952377319336,0.0326610803604126,-0.02807133086025715,0.003681592039800995
75,0.12604166567325592,-0.7267446517944336,517.192711893,36.33723449707031,1.31712e-05,,1782158323.6035793,1.0184826850891113,0.1902286857366562,96.037353515625,0.878119945526123,0.0,0.037000589072704315,600.0,75,0.0003241246158722788,-2.484375,75,1.0,0.27087604999542236,-3.2111196517944336,-0.03179135546088219,0.0037313432835820895
76,0.10726351290941238,-0.6342815160751343,523.758032384,31.714073181152344,1.316e-05,,1782158330.1684163,1.0184605121612549,0.18314605951309204,61.513729095458984,0.7090190649032593,0.0,0.02569960616528988,608.0,76,0.00047035657917149365,0.48046875,76,1.0,0.5614804029464722,-0.15381276607513428,-0.02360369637608528,0.003781094527363184
77,0.127685546875,-0.9141541719436646,530.60052743,45.70771026611328,1.31488e-05,,1782158337.0111196,1.0118705034255981,0.107666015625,123.7213134765625,0.9121319055557251,0.0,0.03626224026083946,616.0,77,0.00011910664034076035,-0.27734375,77,1.0,0.2064078450202942,-1.1914979219436646,-0.03496600314974785,0.0038308457711442785
78,0.086669921875,-0.8484370708465576,537.753850624,42.42185974121094,1.31376e-05,,1782158344.1643665,1.008500099182129,0.153564453125,93.490234375,0.7402646541595459,0.0,0.017796335741877556,624.0,78,4.5849763409933075e-05,1.125,78,1.0,0.38501542806625366,0.2765629291534424,-0.024416055530309677,0.003880597014925373
79,0.10468396544456482,-0.7579731941223145,544.645729507,37.898658752441406,1.31264e-05,,1782158351.0563164,1.0132441520690918,0.1480855941772461,77.74990844726562,0.7969753742218018,0.0,0.05499054491519928,632.0,79,0.0002355322940275073,-0.7890625,79,1.0,0.6476616263389587,-1.5470356941223145,-0.026261409744620323,0.003930348258706468
80,0.14671361446380615,-0.8501335382461548,551.390441271,42.506683349609375,1.31152e-05,,1782158357.800903,1.013301968574524,0.261709600687027,74.31074523925781,0.9077944755554199,0.0,0.032717835158109665,640.0,80,0.00021410778572317213,1.796875,80,1.0,0.6136947870254517,0.9467414617538452,-0.037543319165706635,0.003980099502487562
81,0.111328125,-0.9847093224525452,558.205128194,49.23546600341797,1.3104e-05,,1782158364.6155097,1.0408555269241333,0.11669921875,110.25434112548828,0.8924835920333862,0.0,0.02792147919535637,648.0,81,0.0014891036553308368,-0.92578125,81,1.0,0.25868234038352966,-1.9104905128479004,-0.03125225007534027,0.004029850746268657
82,0.114501953125,-0.8276744484901428,564.558431416,41.383724212646484,1.30928e-05,,1782158370.9691093,0.9933682680130005,0.230712890625,115.83661651611328,0.8993649482727051,0.0,0.021678056567907333,656.0,82,1.5512343452428468e-05,1.3046875,82,1.0,0.8124877214431763,0.4770130515098572,-0.03242703527212143,0.004079601990049751
83,0.14038877189159393,-0.8786458969116211,571.189856525,43.93229293823242,1.30816e-05,,1782158377.600617,1.0229170322418213,0.17887930572032928,95.32649230957031,0.9624729156494141,0.0,0.024542968720197678,664.0,83,0.000530808640178293,-0.2294921875,83,1.0,0.5374962687492371,-1.108138084411621,-0.03928506001830101,0.004129353233830846
84,0.12182320654392242,-0.7474569082260132,577.823763325,37.37284469604492,1.30704e-05,,1782158384.2345665,5.427938461303711,0.0756070613861084,91.05218505859375,0.88006991147995,0.0,0.061272427439689636,672.0,84,11.783108711242676,0.3359375,84,1.0,0.367505818605423,-0.4115194082260132,-0.030692297965288162,0.00417910447761194
85,0.1257440447807312,-0.7975485324859619,584.6298171,39.87742614746094,1.3059199999999999e-05,,1782158391.0405855,1.009283423423767,0.06905940920114517,116.99286651611328,0.924232006072998,0.0,0.028078701347112656,680.0,85,0.00013869123358745128,0.2890625,85,1.0,0.2052418291568756,-0.5084860324859619,-0.03149225935339928,0.004228855721393035
86,0.1407632827758789,-0.9203371405601501,591.422850696,46.01686096191406,1.3048000000000001e-05,,1782158397.8335154,1.014022707939148,0.23675498366355896,94.41195678710938,0.9806255102157593,0.0,0.13255196809768677,688.0,86,0.00020580012642312795,0.890625,86,1.0,0.8284610509872437,-0.029712140560150146,-0.03571411222219467,0.00427860696517413
87,0.1332731693983078,-0.8440687656402588,598.115536023,42.20343780517578,1.30368e-05,,1782158404.5261917,1.006443977355957,0.11930455267429352,70.35911560058594,0.9362399578094482,0.0,0.038832031190395355,696.0,87,8.865361451171339e-05,-1.3671875,87,1.0,0.2909590005874634,-2.211256265640259,-0.03244727849960327,0.004328358208955224
88,0.11476868391036987,-0.7817175388336182,604.665198405,39.08588409423828,1.30256e-05,,1782158411.075515,1.0041316747665405,0.1387249231338501,66.15232849121094,0.8893039226531982,0.0,0.025148365646600723,704.0,88,1.5008688933448866e-05,1.359375,88,1.0,0.7162759304046631,0.5776574611663818,-0.028911251574754715,0.004378109452736319
89,0.11754587292671204,-0.9346020221710205,611.330542221,46.7301025390625,1.30144e-05,,1782158417.7413683,1.033466100692749,0.07951945066452026,67.64630126953125,0.8551809787750244,0.0,0.040173180401325226,712.0,89,0.0011434045154601336,0.76171875,89,1.0,0.2807982265949249,-0.1728832721710205,-0.02915550023317337,0.004427860696517413
90,0.13152289390563965,-0.9097102880477905,617.830029783,45.48551559448242,1.30032e-05,,1782158424.2406702,1.0139949321746826,0.12739361822605133,86.24241638183594,0.8692330718040466,0.0,0.05023786798119545,720.0,90,0.0002412637695670128,-2.0,90,1.0,0.20824021100997925,-2.90971040725708,-0.0357828289270401,0.004477611940298508
91,0.12898284196853638,-0.8572899103164673,624.257422649,42.864498138427734,1.2992e-05,,1782158430.667836,0.9993716478347778,0.1895604431629181,64.54798889160156,0.916493833065033,0.0,0.05451194569468498,728.0,91,1.4686670510855038e-05,-0.365234375,91,1.0,0.5403342843055725,-1.2225242853164673,-0.03575550764799118,0.004527363184079602
92,0.14163371920585632,-0.7260547876358032,630.968246064,36.30274200439453,1.29808e-05,,1782158437.378974,1.0221383571624756,0.24540682137012482,43.404850006103516,0.8595110177993774,0.0,0.05944766104221344,736.0,92,0.0008543517324142158,-0.70703125,92,1.0,0.6138923168182373,-1.4330860376358032,-0.0400167778134346,0.004577114427860697
93,0.1264832764863968,-0.8595505952835083,637.546553518,42.97753143310547,1.29696e-05,,1782158443.9571285,1.0372177362442017,0.11772629618644714,83.46611022949219,0.8537176847457886,0.0,0.02954505756497383,744.0,93,0.0015093478141352534,-0.6796875,93,1.0,0.4412798285484314,-1.5392380952835083,-0.032504547387361526,0.004626865671641791
94,0.1264248788356781,-1.0817793607711792,645.357443036,54.088966369628906,1.29584e-05,,1782158451.767824,1.0076179504394531,0.2735263705253601,94.40489196777344,0.8731460571289062,0.0,0.025171196088194847,752.0,94,2.5076826204895042e-05,1.3203125,94,1.0,0.32835274934768677,0.2385331392288208,-0.03502652794122696,0.004676616915422886
95,0.12109375,-0.8609455227851868,652.249286939,43.047279357910156,1.2947199999999999e-05,,1782158458.659916,1.0019338130950928,0.1337890625,107.82274627685547,0.818494975566864,0.0,0.18758924305438995,760.0,95,6.899616710143164e-05,-0.53515625,95,1.0,0.2714201807975769,-1.396101713180542,-0.03295740485191345,0.00472636815920398
96,0.10204081237316132,-0.8909578323364258,659.14752169,44.547889709472656,1.2936000000000001e-05,,1782158465.5579588,0.9975937604904175,0.16204752027988434,77.13377380371094,0.9176974296569824,0.0,0.02540111541748047,768.0,96,5.758069164585322e-06,1.3046875,96,1.0,1.0775433778762817,0.4137296676635742,-0.022213727235794067,0.004776119402985075
97,0.10899315774440765,-1.0412020683288574,665.584344664,52.06010437011719,1.29248e-05,,1782158471.9950476,1.2652182579040527,0.1552734375,108.46923828125,0.8246766328811646,0.0,0.06057319790124893,776.0,97,0.0895935520529747,-1.46875,97,1.0,0.7529850006103516,-2.5099520683288574,-0.032280877232551575,0.004825870646766169
98,0.11581782251596451,-1.003064751625061,672.187867276,50.153236389160156,1.29136e-05,,1782158478.5982864,1.0233550071716309,0.1871330738067627,115.34661865234375,0.8393524885177612,0.0,0.03916189819574356,784.0,98,0.0005948885227553546,-1.359375,98,1.0,0.6637952327728271,-2.3624396324157715,-0.027252953499555588,0.004875621890547264
99,0.11941847950220108,-1.0340825319290161,678.62449652,51.704132080078125,1.2902399999999999e-05,,1782158485.0353441,1.0315407514572144,0.2201763391494751,88.82269287109375,0.7645409107208252,0.0,0.032722532749176025,792.0,99,0.0009145829826593399,0.703125,99,1.0,0.3140351176261902,-0.3309575319290161,-0.03140857070684433,0.004925373134328359
100,0.13875305652618408,-1.0028681755065918,685.104200536,50.143409729003906,1.28912e-05,,1782158491.5148506,1.0044913291931152,0.16565164923667908,64.08724975585938,0.8778897523880005,0.0,0.02510279417037964,800.0,100,5.464814239530824e-05,1.3515625,100,1.0,0.23973485827445984,0.3486943244934082,-0.030078042298555374,0.004975124378109453
101,0.1348515897989273,-1.0388351678848267,691.592817791,51.9417610168457,1.288e-05,,1782158498.0036151,1.0126049518585205,0.11721144616603851,104.84880828857422,0.9665738940238953,0.0,0.03445883467793465,808.0,101,0.0001952049060491845,-1.9140625,101,1.0,0.15909112989902496,-2.952897548675537,-0.036036714911460876,0.005024875621890548
102,0.11834811419248581,-0.9488889575004578,698.058380155,47.4444465637207,1.28688e-05,,1782158504.4690936,0.985235869884491,0.14845475554466248,73.2001953125,0.8668581247329712,0.0,0.0204954631626606,816.0,102,0.00015130180690903217,-0.890625,102,1.0,0.5959941744804382,-1.8395140171051025,-0.025173183530569077,0.005074626865671642
103,0.11709539592266083,-0.9361228942871094,704.677468857,46.80614471435547,1.28576e-05,,1782158511.0883195,1.0196418762207031,0.2082887589931488,77.06448364257812,0.803469717502594,0.0,0.025901447981595993,824.0,103,0.00022748002083972096,1.3125,103,1.0,0.8414597511291504,0.3763771057128906,-0.028565358370542526,0.0051243781094527366
104,0.10618145763874054,-1.005610466003418,711.57835017,50.28053283691406,1.28464e-05,,1782158517.9891107,1.016167402267456,0.18177291750907898,90.80473327636719,0.7257314920425415,0.0,0.02705327793955803,832.0,104,0.00039599789306521416,-1.1171875,104,1.0,0.586884617805481,-2.122797966003418,-0.028910066932439804,0.005174129353233831
105,0.13379888236522675,-1.03684663772583,718.115249718,51.84233856201172,1.2835199999999999e-05,,1782158524.5259535,1.0233359336853027,0.22185060381889343,71.63529205322266,0.8422224521636963,0.0,0.06088695675134659,840.0,105,0.0007634919602423906,-3.28125,105,1.0,0.6943165063858032,-4.31809663772583,-0.03172358497977257,0.0052238805970149255
106,0.12808489799499512,-1.164054274559021,724.517967626,58.202720642089844,1.2824e-05,,1782158530.928657,0.9931895732879639,0.2995561957359314,104.46699523925781,0.9077544212341309,0.0,0.027040984481573105,848.0,106,4.127463398617692e-05,1.5859375,106,1.0,0.6350392699241638,0.421883225440979,-0.033808548003435135,0.00527363184079602
107,0.13315217196941376,-0.9720197319984436,730.981340471,48.600990295410156,1.28128e-05,,1782158537.3916113,1.0154173374176025,0.24518653750419617,54.67795944213867,0.7745013236999512,0.0,0.02628791332244873,856.0,107,0.00038191143539734185,-1.4609375,107,1.0,0.6970192193984985,-2.432957172393799,-0.03093273565173149,0.0053233830845771145
108,0.13015267252922058,-0.8732348680496216,737.538731839,43.6617431640625,1.28016e-05,,1782158543.949229,0.9957364797592163,0.21320182085037231,12.559985160827637,0.7251403331756592,0.0,0.034789688885211945,864.0,108,2.51036854024278e-05,2.234375,108,1.0,0.8875908255577087,1.3611401319503784,-0.020831793546676636,0.005373134328358209
109,0.14314058423042297,-1.15667724609375,743.993352806,57.833858489990234,1.2790399999999999e-05,,1782158550.4041648,1.0231847763061523,0.12443439662456512,64.98672485351562,0.8301687836647034,0.0,0.14307928085327148,872.0,109,0.0007224948494695127,-1.4375,109,1.0,0.2235642373561859,-2.59417724609375,-0.03306112810969353,0.0054228855721393035
110,0.09459459781646729,-0.8347011208534241,750.556676725,41.73506164550781,1.27792e-05,,1782158556.96736,1.0016467571258545,0.11955128610134125,50.441612243652344,0.8444318771362305,0.0,0.022824281826615334,880.0,110,1.2069333934050519e-05,-0.474609375,110,1.0,0.973832368850708,-1.3093104362487793,-0.018298201262950897,0.005472636815920398
111,0.1619318127632141,-0.7713508605957031,757.281815369,38.567543029785156,1.2768e-05,,1782158563.6923714,1.0611740350723267,0.22138363122940063,62.36724090576172,0.9061931371688843,0.0,0.06142634153366089,888.0,111,0.0044382051564753056,0.796875,111,1.0,0.7161492109298706,0.025524139404296875,-0.04092972353100777,0.0055223880597014925
112,0.16691729426383972,-0.764281690120697,763.989629928,38.214080810546875,1.27568e-05,,1782158570.400181,1.0165431499481201,0.20559701323509216,18.951845169067383,0.8224591016769409,0.0,0.04755525663495064,896.0,112,0.0003869993379339576,-2.703125,112,1.0,0.28666988015174866,-3.467406749725342,-0.038891129195690155,0.005572139303482587
113,0.1178903728723526,-1.1337063312530518,770.664745169,56.68531799316406,1.27456e-05,,1782158577.0753374,1.0218713283538818,0.23166322708129883,99.65800476074219,0.8180243968963623,0.0,0.04004412516951561,904.0,113,0.0004918637569062412,1.0390625,113,1.0,1.0660662651062012,-0.09464383125305176,-0.029206231236457825,0.0056218905472636815
114,0.11657755076885223,-1.0417821407318115,778.199912499,52.089107513427734,1.27344e-05,,1782158584.6104617,1.0171128511428833,0.15128067135810852,100.73506164550781,0.9262881875038147,0.0,0.03695107251405716,912.0,114,0.00028454596758820117,-0.765625,114,1.0,0.6904915571212769,-1.8074071407318115,-0.027151018381118774,0.005671641791044776
115,0.13966836035251617,-0.8216394782066345,785.169123658,41.081974029541016,1.27232e-05,,1782158591.5798566,1.0323987007141113,0.14974617958068848,43.21506881713867,0.8052446842193604,0.0,0.07406014204025269,920.0,115,0.001031533582136035,-1.8828125,115,1.0,0.3327926993370056,-2.7044520378112793,-0.03138461709022522,0.0057213930348258705
116,0.13265305757522583,-0.8268207311630249,791.968821721,41.341041564941406,1.2712e-05,,1782158598.3795078,1.0735810995101929,0.1552162766456604,42.55653381347656,0.746264636516571,0.0,0.05103899538516998,928.0,116,0.003263617865741253,0.77734375,116,1.0,0.3152202069759369,-0.0494769811630249,-0.03227148950099945,0.005771144278606965
117,0.12628865242004395,-0.9197996854782104,798.565901949,45.98998260498047,1.27008e-05,,1782158604.9765124,1.1503775119781494,0.24743258953094482,36.69884490966797,0.762365460395813,0.0,0.03295037895441055,936.0,117,0.03442811220884323,-0.171875,117,1.0,0.829813539981842,-1.0916746854782104,-0.03054415062069893,0.0058208955223880594
118,0.11948123574256897,-1.1314125061035156,805.089710385,56.57061767578125,1.26896e-05,,1782158611.50036,1.0056989192962646,0.05445544421672821,69.9295654296875,0.8286136984825134,0.0,0.028031397610902786,944.0,118,6.378250691341236e-05,0.232421875,118,1.0,0.13254095613956451,-0.8989906311035156,-0.029217589646577835,0.005870646766169154
119,0.11818720400333405,-0.8020398020744324,811.733725637,40.101993560791016,1.2678399999999999e-05,,1782158618.1443217,1.0338571071624756,0.11379716545343399,55.78561782836914,0.8044168949127197,0.0,0.02678920142352581,952.0,119,0.0008297424647025764,-1.03125,119,1.0,0.403964102268219,-1.8332898616790771,-0.030981015413999557,0.005920398009950248
120,0.18086956441402435,-0.6721312999725342,818.817027263,33.6065673828125,1.2667200000000001e-05,,1782158625.2273917,1.0272769927978516,0.08793103694915771,-2.1493453979492188,0.7955135703086853,0.0,0.07429958134889603,960.0,120,0.0007091709994710982,-1.484375,120,1.0,0.25566571950912476,-2.156506299972534,-0.03865044191479683,0.005970149253731343
121,0.13786126673221588,-0.9707291126251221,825.590545113,48.536460876464844,1.2656e-05,,1782158632.0010488,1.0732080936431885,0.2655351161956787,81.50153350830078,0.9050258994102478,0.0,0.036796316504478455,968.0,121,0.005575906485319138,1.078125,121,1.0,0.5853235125541687,0.10739588737487793,-0.035811834037303925,0.006019900497512437
122,0.11321381479501724,-0.8033536672592163,832.948682719,40.167686462402344,1.26448e-05,,1782158639.3586092,0.9968069195747375,0.10303831100463867,26.191781997680664,0.7991691827774048,0.0,0.052477944642305374,976.0,122,1.0858497262233868e-05,0.16015625,122,1.0,0.6855131387710571,-0.6431974172592163,-0.02834443747997284,0.006069651741293532
123,0.14984825253486633,-0.7345225811004639,840.686104822,36.72612762451172,1.2633599999999999e-05,,1782158647.0949442,1.0707205533981323,0.16490963101387024,10.699411392211914,0.7485849261283875,0.0,0.061536096036434174,984.0,123,0.0070221503265202045,-0.625,123,1.0,0.411299467086792,-1.3595225811004639,-0.03457852452993393,0.006119402985074627
124,0.10481682419776917,-0.901673436164856,848.396724753,45.08367156982422,1.26224e-05,,1782158654.8066247,1.0022339820861816,0.16160593926906586,37.65766525268555,0.8403471112251282,0.0,0.01827572099864483,992.0,124,6.834746727690799e-06,-0.36328125,124,1.0,0.6550766229629517,-1.264954686164856,-0.023919876664876938,0.006169154228855721
125,0.15015360713005066,-0.8907216787338257,856.489897735,44.53608703613281,1.26112e-05,,1782158662.9002237,1.0562323331832886,0.14665652811527252,10.359561920166016,0.8334416151046753,0.0,0.04850566014647484,1000.0,125,0.001423566252924502,-0.70703125,125,1.0,0.1354660987854004,-1.5977529287338257,-0.03452829271554947,0.006218905472636816
126,0.11557112634181976,-1.1768693923950195,864.768326245,58.843467712402344,1.26e-05,,1782158671.1784525,1.010277271270752,0.16353383660316467,87.81121063232422,0.8886474370956421,0.0,0.019826563075184822,1008.0,126,0.00012157407036283985,-1.15625,126,1.0,0.40678220987319946,-2.3331193923950195,-0.02693025767803192,0.00626865671641791
127,,,870.233234542,,,"{'log_mode': 'IMMUTABLE', 'artifact_path': 'wandb-client-artifact://63ulm5hgd1vezhwtpfkml9n3zl19p0afsl3mhwpcx0lmvfp2cgl5wvzdkj3g1ra8ycgdytrofekmnjqfttmr7k7q61dxsh5g4pvvjg8xtjy0rbkdqmkxf4kwmacb29a6/completions.table.json', 'path': 'media/table/completions_127_b50fffb99833aaae4310.table.json', 'sha256': 'b50fffb99833aaae4310133be42bd6cd80bed1f96400259348a44daea37caa23', 'ncols': 3, '_latest_artifact_path': 'wandb-client-artifact://wxryxs4npczadyuxbwsxmwqze1pn263ypvbbzqihwdcv5ws386mz0lzyvykoj2v4wjqiij7ru1p6kjjfs8z4wddcgwlkh4yaknu907h3jqiduhn9ueia0p4k9e468dcj:latest/completions.table.json', 'nrows': 8, 'size': 5403, '_type': 'table-file'}",1782158676.64343,,,,,,,,126,,,127,,,,,
128,0.16281846165657043,-0.8250470161437988,876.997285727,41.25235366821289,1.25888e-05,,1782158683.4080799,1.029313325881958,0.31003159284591675,16.300025939941406,0.8171424269676208,0.0,0.036817945539951324,1016.0,127,0.0005887445877306163,1.671875,128,1.0,1.5386112928390503,0.8468279838562012,-0.03543829172849655,0.006318407960199005
129,0.15744838118553162,-0.9071201086044312,883.739188736,45.35600280761719,1.25776e-05,,1782158690.1497114,1.1412947177886963,0.18521229922771454,30.109573364257812,0.8648407459259033,0.0,0.03944976255297661,1024.0,128,0.018415918573737144,-1.5546875,129,1.0,0.25436288118362427,-2.4618077278137207,-0.040477048605680466,0.006368159203980099
130,0.15758928656578064,-0.6882056593894958,890.669843435,34.410282135009766,1.2566399999999999e-05,,1782158697.0806515,1.0031099319458008,0.3015872836112976,1.4134693145751953,0.8843926191329956,0.0,0.03681128844618797,1032.0,129,1.8250084394821897e-05,-2.90625,130,1.0,0.22689466178417206,-3.5944557189941406,-0.0360993854701519,0.006417910447761194
131,0.12097612023353577,-1.0256348848342896,897.438194674,51.28174591064453,1.25552e-05,,1782158703.8488958,1.0097935199737549,0.14507772028446198,103.88778686523438,0.8822730183601379,0.0,0.03593851625919342,1040.0,130,3.3188971428899094e-05,-0.7890625,131,1.0,0.2861314117908478,-1.8146973848342896,-0.030224554240703583,0.006467661691542288
132,0.1188436821103096,-0.961471676826477,904.244637947,48.073585510253906,1.2544e-05,,1782158710.6550198,1.0249156951904297,0.23344017565250397,99.19798278808594,0.8958282470703125,0.0,0.02553136646747589,1048.0,131,0.0013597124489024282,-2.109375,132,1.0,0.31871461868286133,-3.0708465576171875,-0.03247703239321709,0.006517412935323383
133,0.15415018796920776,-0.9497473835945129,911.047345175,47.48737335205078,1.25328e-05,,1782158717.4578178,1.0062642097473145,0.18030105531215668,46.12898254394531,0.8966476917266846,0.0,0.052354030311107635,1056.0,132,0.00011558617552509531,-2.15625,133,1.0,0.20583009719848633,-3.105997323989868,-0.037922125309705734,0.006567164179104477
134,0.10821758955717087,-1.2188332080841064,917.817102484,60.94166564941406,1.2521599999999999e-05,,1782158724.2277975,1.032092809677124,0.20790080726146698,69.74876403808594,0.8239490389823914,0.0,0.027491239830851555,1064.0,133,0.0026098943781107664,-0.0166015625,134,1.0,0.8421000242233276,-1.2354347705841064,-0.02854960411787033,0.006616915422885572
135,0.14248120784759521,-0.7412964701652527,924.710439401,37.06482696533203,1.25104e-05,,1782158731.121093,0.9903707504272461,0.15685543417930603,27.551847457885742,0.804840087890625,0.0,0.04280010610818863,1072.0,134,0.00011901937978109345,-1.1796875,135,1.0,0.5472859144210815,-1.9209840297698975,-0.030146412551403046,0.006666666666666667
136,0.14268292486667633,-0.8194502592086792,931.66153779,40.972511291503906,1.24992e-05,,1782158738.0723283,1.1314623355865479,0.22964763641357422,49.671714782714844,0.7688164710998535,0.0,0.11664515733718872,1080.0,135,0.008332195691764355,0.07666015625,136,1.0,0.34535396099090576,-0.7427901029586792,-0.03167574107646942,0.006716417910447761
137,0.151162788271904,-0.7510098814964294,938.359484611,37.55049514770508,1.2488e-05,,1782158744.7699256,1.0147719383239746,0.3224489688873291,38.663631439208984,0.830524206161499,0.0,0.04347838833928108,1088.0,136,0.0004375490825623274,1.0390625,137,1.0,0.39870548248291016,0.28805261850357056,-0.037935566157102585,0.006766169154228856
138,0.16709402203559875,-0.7636988162994385,945.134877809,38.18494415283203,1.24768e-05,,1782158751.5454602,1.010682225227356,0.08798646926879883,11.171016693115234,0.9735073447227478,0.0,0.0723661407828331,1096.0,137,0.0001513133611297235,-0.7109375,138,1.0,0.3562762141227722,-1.4746363162994385,-0.03643791750073433,0.00681592039800995
139,0.12350199371576309,-0.9348033666610718,952.039598047,46.74017333984375,1.24656e-05,,1782158758.4503343,1.0125749111175537,0.2688741683959961,48.71624755859375,0.8593252897262573,0.0,0.022984854876995087,1104.0,138,0.00018321129027754068,-2.25,139,1.0,0.4438667893409729,-3.1848034858703613,-0.029636265709996223,0.006865671641791045
140,0.11775586009025574,-1.1454286575317383,958.965414232,57.27143478393555,1.2454399999999999e-05,,1782158765.3760886,1.0004401206970215,0.09163591265678406,50.219058990478516,0.8874852657318115,0.0,0.02041488140821457,1112.0,139,1.58640668814769e-05,-0.1572265625,140,1.0,0.14518111944198608,-1.3026552200317383,-0.023133879527449608,0.006915422885572139
141,0.14095744490623474,-1.138584852218628,967.376555488,56.92924118041992,1.24432e-05,,1782158773.7869675,1.0454370975494385,0.1495877504348755,83.09317779541016,1.0054972171783447,0.0,0.04932471364736557,1120.0,140,0.0017686117207631469,-1.453125,141,1.0,0.608647346496582,-2.591709852218628,-0.041514165699481964,0.006965174129353234
142,0.12465180456638336,-0.8749444484710693,974.201374279,43.747222900390625,1.2432e-05,,1782158780.6119623,1.0018864870071411,0.18317174911499023,28.810592651367188,0.7664293050765991,0.0,0.025527339428663254,1128.0,141,2.8226104404893704e-05,-0.40234375,142,1.0,0.512302041053772,-1.2772881984710693,-0.02856621891260147,0.007014925373134328
143,0.13825032114982605,-1.1514215469360352,980.921173481,57.57107925415039,1.24208e-05,,1782158787.33164,1.0083376169204712,0.14185750484466553,62.45976257324219,1.0436745882034302,0.0,0.05037218704819679,1136.0,142,5.2560848416760564e-05,-2.296875,143,1.0,0.3265949487686157,-3.448296546936035,-0.03018110990524292,0.007064676616915423
144,0.18646179139614105,-1.112581729888916,987.475947514,55.62908935546875,1.2409599999999999e-05,,1782158793.8865135,1.0074963569641113,0.09719934314489365,27.255781173706055,1.100365161895752,0.0,0.04211092367768288,1144.0,143,4.166851795162074e-05,-0.984375,144,1.0,0.33302637934684753,-2.096956729888916,-0.037519220262765884,0.007114427860696517
145,0.13703465461730957,-1.199280858039856,994.242750512,59.96404266357422,1.23984e-05,,1782158800.6534083,1.0030760765075684,0.24808429181575775,47.87869644165039,0.9253073930740356,0.0,0.12554451823234558,1152.0,144,0.00010467577521922067,-3.1875,145,1.0,0.536582350730896,-4.386780738830566,-0.031010031700134277,0.007164179104477612
146,0.12959668040275574,-1.3057241439819336,1000.792198473,65.28620910644531,1.23872e-05,,1782158807.2027135,1.0023835897445679,0.2544326186180115,66.25422668457031,0.8569616079330444,0.0,0.02088773250579834,1160.0,145,1.170253108284669e-05,1.3046875,146,1.0,0.26615267992019653,-0.0010366439819335938,-0.025827469304203987,0.007213930348258706
147,0.1580962836742401,-1.3728405237197876,1007.654553943,68.64202880859375,1.2376e-05,,1782158814.0652964,1.0123753547668457,0.003002183511853218,77.88803100585938,0.776786744594574,0.0,0.04955146089196205,1168.0,146,0.00011761806672438979,-0.337890625,147,1.0,0.1397678554058075,-1.7107311487197876,-0.04455730319023132,0.007263681592039801
148,0.18802902102470398,-1.789137363433838,1014.372130493,89.45687103271484,1.2364799999999999e-05,,1782158820.7827065,1.058211088180542,0.1593373417854309,91.81163787841797,1.1185076236724854,0.0,0.08909367769956589,1176.0,147,0.004344716668128967,1.2734375,148,1.0,0.4238559603691101,-0.5156998634338379,-0.03846117481589317,0.007313432835820896
149,0.13062170147895813,-1.2784568071365356,1021.18361527,63.922847747802734,1.23536e-05,,1782158827.594556,1.027214765548706,0.2750000059604645,49.48698043823242,0.9733774065971375,0.0,0.05444321781396866,1184.0,148,0.0006905507761985064,-2.515625,149,1.0,0.661234974861145,-3.794081687927246,-0.024425137788057327,0.00736318407960199
150,0.18042293190956116,-1.2917349338531494,1028.503810148,64.58674621582031,1.23424e-05,,1782158834.9146426,1.0131711959838867,0.08107191324234009,56.53205490112305,0.9448226690292358,0.0,0.07067206501960754,1192.0,149,0.0002816691412590444,-0.734375,150,1.0,0.12396951019763947,-2.0261099338531494,-0.043334588408470154,0.007412935323383085
151,0.16219158470630646,-1.045727014541626,1034.994200395,52.28635025024414,1.23312e-05,,1782158841.4047177,1.0097811222076416,0.06024530902504921,54.206214904785156,1.0579264163970947,0.0,0.04391962289810181,1200.0,150,0.00015746435383334756,-1.5625,151,1.0,0.1515851467847824,-2.608227014541626,-0.04121894761919975,0.007462686567164179
152,0.1510574072599411,-1.1603833436965942,1041.816847942,58.0191650390625,1.232e-05,,1782158848.2274284,1.0081610679626465,0.10998497903347015,32.322792053222656,1.00480055809021,0.0,0.03156517818570137,1208.0,151,8.710055408300832e-05,-1.625,152,1.0,0.5011258721351624,-2.7853832244873047,-0.0364479124546051,0.007512437810945274
153,0.09875775873661041,-1.3316792249679565,1048.569644293,66.58395385742188,1.23088e-05,,1782158854.9800563,1.0107004642486572,0.08199257403612137,54.859222412109375,0.7884824275970459,0.0,0.025492561981081963,1216.0,152,0.00022834290575701743,0.306640625,153,1.0,0.5346519947052002,-1.0250385999679565,-0.0217584315687418,0.007562189054726368
154,0.11954829096794128,-0.9841312170028687,1055.629752588,49.20655822753906,1.2297599999999999e-05,,1782158862.0401995,1.0117130279541016,0.10246533155441284,15.29227066040039,0.8291778564453125,0.0,0.036502182483673096,1224.0,153,0.00016268141916953027,0.02001953125,154,1.0,0.2364857792854309,-0.9641116857528687,-0.030335575342178345,0.007611940298507463
155,0.16334356367588043,-1.117233395576477,1062.467820304,55.861671447753906,1.22864e-05,,1782158868.8783333,1.1778693199157715,0.030441399663686752,30.414745330810547,0.9103806614875793,0.0,0.11910344660282135,1232.0,154,0.034868527203798294,-1.1796875,155,1.0,0.11260420083999634,-2.2969207763671875,-0.03815330192446709,0.007661691542288557
156,0.12436676770448685,-1.4593759775161743,1069.353425557,72.96879577636719,1.22752e-05,,1782158875.7639642,0.9971160888671875,0.06218402460217476,104.83573150634766,0.8452069759368896,0.0,0.03642052412033081,1240.0,155,1.6295602108584717e-05,0.2373046875,156,1.0,0.16401317715644836,-1.2220712900161743,-0.02673160843551159,0.007711442786069652
157,0.1428067684173584,-1.130152702331543,1076.568847186,56.50763702392578,1.2264e-05,,1782158882.9794967,1.011202335357666,0.07457983493804932,22.179380416870117,0.835762619972229,0.0,0.06967027485370636,1248.0,156,0.00021739247313234955,-1.2421875,157,1.0,0.1501322239637375,-2.372340202331543,-0.03493195399641991,0.007761194029850746
158,0.15684281289577484,-1.2776613235473633,1083.937132438,63.88307189941406,1.2252799999999999e-05,,1782158890.3474529,0.9876236915588379,0.139300137758255,51.15680694580078,0.9388041496276855,0.0,0.025265712291002274,1256.0,157,0.00010961197403958067,0.23046875,158,1.0,0.3198922872543335,-1.0471925735473633,-0.03572152182459831,0.007810945273631841
159,0.14570361375808716,-1.3426119089126587,1090.755860321,67.1305923461914,1.22416e-05,,1782158897.1665292,1.023848056793213,0.07723325490951538,71.12689971923828,0.9745475649833679,0.0,0.027929816395044327,1264.0,158,0.00046621484216302633,-1.015625,159,1.0,0.3114369213581085,-2.358236789703369,-0.029321055859327316,0.007860696517412936
160,0.14289940893650055,-1.7114299535751343,1097.330638969,85.57149505615234,1.22304e-05,,1782158903.7413282,1.017240285873413,0.11924439668655396,69.62040710449219,0.906375527381897,0.0,0.042911097407341,1272.0,159,0.00039733570883981884,-0.515625,160,1.0,0.24437841773033142,-2.227055072784424,-0.03506416082382202,0.00791044776119403
161,0.09283195436000824,-1.4661253690719604,1103.975505468,73.3062744140625,1.22192e-05,,1782158910.3861568,1.0246949195861816,0.2031615972518921,49.94674301147461,0.7002783417701721,0.0,0.0698128417134285,1280.0,160,0.0005392180755734444,-0.90625,161,1.0,0.4559325575828552,-2.37237548828125,-0.025478124618530273,0.007960199004975124
162,0.11761298030614853,-1.3329973220825195,1110.556876065,66.64987182617188,1.2207999999999999e-05,,1782158916.9676034,1.0244234800338745,0.17185696959495544,58.9876594543457,0.7940852642059326,0.0,0.028757061809301376,1288.0,161,0.0005952088977210224,1.8984375,162,1.0,0.34731215238571167,0.5654401779174805,-0.03379407525062561,0.008009950248756219
163,0.1515323519706726,-1.208410382270813,1117.313675841,60.42051696777344,1.21968e-05,,1782158923.724144,1.008488416671753,0.0571913942694664,105.90422821044922,0.9497724175453186,0.0,0.038175590336322784,1296.0,162,0.00010739851859398186,-0.2890625,163,1.0,0.12884163856506348,-1.497472882270813,-0.03508906811475754,0.008059701492537314
164,0.12441038340330124,-1.366333246231079,1124.205584672,68.31666564941406,1.2185599999999999e-05,,1782158930.6163068,1.002194881439209,0.05205882340669632,68.0054931640625,0.9272264838218689,0.0,0.03818800672888756,1304.0,163,3.534654752002098e-05,0.2421875,164,1.0,0.13435505330562592,-1.124145746231079,-0.029888523742556572,0.008109452736318409
165,0.10999999940395355,-1.2157258987426758,1130.876949821,60.786293029785156,1.21744e-05,,1782158937.287715,1.0345346927642822,0.11086118221282959,47.38858413696289,0.8309799432754517,0.0,0.026543010026216507,1312.0,164,0.0011137519031763077,-1.15625,165,1.0,0.2699691355228424,-2.371975898742676,-0.02912103943526745,0.008159203980099502
166,0.11027713119983673,-1.0361559391021729,1137.065371208,51.807796478271484,1.21632e-05,,1782158943.4759789,1.068434238433838,0.12197928875684738,84.15613555908203,0.9317083358764648,0.0,0.03545432537794113,1320.0,165,0.005870416760444641,0.298828125,166,1.0,0.7824298143386841,-0.7373278141021729,-0.028102098032832146,0.008208955223880597
167,0.12738095223903656,-1.4054059982299805,1143.587243815,70.27030181884766,1.2152e-05,,1782158949.997938,1.0164893865585327,0.12203086912631989,55.798423767089844,0.8061158061027527,0.0,0.052333176136016846,1328.0,166,0.0001770229428075254,-1.0703125,167,1.0,0.12753500044345856,-2.4757184982299805,-0.02633221074938774,0.008258706467661692
168,0.13350339233875275,-2.1404261589050293,1150.65315215,107.02130889892578,1.2140799999999999e-05,,1782158957.063838,1.0238277912139893,0.20282486081123352,92.63102722167969,1.0591211318969727,0.0,0.03227371722459793,1336.0,167,0.000628155074082315,-1.8359375,168,1.0,0.46737343072891235,-3.9763636589050293,-0.029880128800868988,0.008308457711442787
169,0.09180791676044464,-1.3709208965301514,1157.337399674,68.54605102539062,1.21296e-05,,1782158963.748059,0.993937611579895,0.07601351290941238,54.94230651855469,0.7352844476699829,0.0,0.05283915996551514,1344.0,168,2.5696674128994346e-05,-1.1328125,169,1.0,0.17706120014190674,-2.5037333965301514,-0.022967999801039696,0.00835820895522388
170,0.15625,-2.140277862548828,1163.879500772,107.01390075683594,1.21184e-05,,1782158970.2900665,1.0695682764053345,0.17956243455410004,110.98750305175781,1.002880334854126,0.0,0.05861325189471245,1352.0,169,0.0031900417525321245,0.9375,170,1.0,0.7299805879592896,-1.2027778625488281,-0.04131406173110008,0.008407960199004975
171,0.13352271914482117,-2.2795281410217285,1170.402229147,113.97640991210938,1.21072e-05,,1782158976.812501,1.021078109741211,0.27012383937835693,89.03407287597656,0.8393078446388245,0.0,0.05624987930059433,1360.0,170,0.0006146862870082259,-1.3515625,171,1.0,0.25495320558547974,-3.6310906410217285,-0.03395060449838638,0.00845771144278607
172,0.10482282936573029,-1.8368597030639648,1177.101426277,91.8429946899414,1.2095999999999999e-05,,1782158983.5119817,1.006662368774414,0.14085546135902405,95.477294921875,0.8118441104888916,0.0,0.023447740823030472,1368.0,171,5.280707773636095e-05,-1.4296875,172,1.0,0.41184306144714355,-3.266547203063965,-0.02902883104979992,0.008507462686567165
173,0.10272417962551117,-1.6963344812393188,1184.198984053,84.81672668457031,1.20848e-05,,1782158990.609461,0.9949637651443481,0.03728813678026199,71.1982650756836,0.853283166885376,0.0,0.022190473973751068,1376.0,172,1.611039806448389e-05,-0.326171875,173,1.0,0.24273547530174255,-2.0225062370300293,-0.022161513566970825,0.00855721393034826
174,0.1497989296913147,-1.735648512840271,1191.313766488,86.78242492675781,1.20736e-05,,1782158997.7246199,1.6720430850982666,0.15700000524520874,54.33470916748047,0.951097846031189,0.0,0.06046627461910248,1384.0,173,0.21693556010723114,0.8671875,174,1.0,0.36814790964126587,-0.868461012840271,-0.03527151793241501,0.008606965174129353
175,0.12560386955738068,-1.5660314559936523,1197.993856462,78.30158233642578,1.20624e-05,,1782159004.404467,0.9938086271286011,0.22530120611190796,72.40364837646484,0.9643170833587646,0.0,0.03777027875185013,1392.0,174,4.661229104385711e-05,-0.251953125,175,1.0,0.37119272351264954,-1.8179845809936523,-0.029740598052740097,0.008656716417910448
176,0.1266266256570816,-1.8064336776733398,1205.1037037,90.3216781616211,1.20512e-05,,1782159011.51416,1.0057021379470825,0.15309689939022064,103.41979217529297,0.8463510274887085,0.0,0.14207033812999725,1400.0,175,0.00024041668802965432,-1.46875,176,1.0,0.2684771418571472,-3.27518367767334,-0.03134901449084282,0.008706467661691543
177,0.15389150381088257,-1.6559395790100098,1212.136777948,82.79698181152344,1.204e-05,,1782159018.5475204,1.0100221633911133,0.2732353210449219,79.85714721679688,0.9552202224731445,0.0,0.032238319516181946,1408.0,176,0.00028174094040878117,0.8515625,177,1.0,0.44083404541015625,-0.8043770790100098,-0.04063838720321655,0.008756218905472637
178,0.11522512137889862,-1.4606819152832031,1219.321963724,73.03408813476562,1.2028799999999999e-05,,1782159025.732383,1.0065953731536865,0.1877213716506958,53.97941589355469,0.8252872228622437,0.0,0.02719658799469471,1416.0,177,9.410746133653447e-05,-1.109375,178,1.0,0.26487940549850464,-2.570056915283203,-0.02569739520549774,0.00880597014925373
179,0.15096285939216614,-1.0394930839538574,1226.102876565,51.97465133666992,1.20176e-05,,1782159032.5135994,1.0290303230285645,0.1121751070022583,31.62261199951172,0.9034454822540283,0.0,0.032432861626148224,1424.0,178,0.0008417654316872358,-0.34765625,179,1.0,0.1807493418455124,-1.3871493339538574,-0.03677225112915039,0.008855721393034826
180,0.0693359375,-1.1780929565429688,1232.842231944,58.90464401245117,1.20064e-05,,1782159039.252942,0.9983314275741577,0.2587890625,93.93759155273438,0.7499494552612305,0.0,0.00999639555811882,1432.0,179,1.6294355873469613e-06,1.671875,180,1.0,0.39720720052719116,0.49378204345703125,-0.01685100793838501,0.00890547263681592
181,0.10964912176132202,-1.1753265857696533,1239.618717838,58.766326904296875,1.19952e-05,,1782159046.0294049,1.0184948444366455,0.2226107269525528,69.88019561767578,0.8949495553970337,0.0,0.021224377676844597,1440.0,180,0.0004567049036268145,-2.796875,181,1.0,0.3037886619567871,-3.9722015857696533,-0.029418664053082466,0.008955223880597015
182,0.10160098969936371,-1.208840012550354,1246.066950989,60.44200134277344,1.1983999999999999e-05,,1782159052.477531,0.9913966059684753,0.261056512594223,53.157684326171875,0.8333747982978821,0.0,0.01192066166549921,1448.0,181,5.510035771294497e-05,0.43359375,182,1.0,0.454032838344574,-0.775246262550354,-0.02465038374066353,0.009004975124378109
183,0.12784472107887268,-1.0217669010162354,1252.995648498,51.088348388671875,1.19728e-05,,1782159059.4063792,1.0166102647781372,0.11418109387159348,46.17694091796875,0.8128118515014648,0.0,0.07277980446815491,1456.0,182,0.00035899761132895947,-0.7578125,183,1.0,0.3178434371948242,-1.7795794010162354,-0.037328414618968964,0.009054726368159204
184,0.11589594930410385,-0.9046566486358643,1259.727962472,45.23283386230469,1.19616e-05,,1782159066.138325,1.1433813571929932,0.1709919273853302,65.92787170410156,0.8247833251953125,0.0,0.12055559456348419,1464.0,183,0.009354994632303715,0.83203125,184,1.0,0.3934139311313629,-0.07262539863586426,-0.02805010974407196,0.009104477611940298
185,0.09625668078660965,-0.862747073173523,1267.686708736,43.13735580444336,1.19504e-05,,1782159074.0970342,1.0031033754348755,0.14527925848960876,33.613189697265625,0.8127496242523193,0.0,0.023340243846178055,1472.0,184,2.1610338080790825e-05,-0.30078125,185,1.0,0.29061421751976013,-1.163528323173523,-0.022938059642910957,0.009154228855721393
186,0.10765306651592255,-1.3342056274414062,1274.389792174,66.71028137207031,1.1939199999999999e-05,,1782159080.8003688,1.0064172744750977,0.10219164192676544,109.93547821044922,0.945986807346344,0.0,0.015410417690873146,1480.0,185,8.881915709935129e-05,-0.765625,186,1.0,0.20505240559577942,-2.0998306274414062,-0.025803983211517334,0.009203980099502488
187,0.09458637237548828,-1.0666706562042236,1281.14116174,53.33353042602539,1.1928e-05,,1782159087.5518513,1.0231449604034424,0.12363636493682861,44.261322021484375,0.6562379598617554,0.0,0.016467297449707985,1488.0,186,0.0008002968388609588,-0.4765625,187,1.0,0.2990530729293823,-1.5432331562042236,-0.02209366485476494,0.009253731343283582
188,0.09268707036972046,-1.0397531986236572,1287.969286197,51.98766326904297,1.1916799999999999e-05,,1782159094.3798018,1.0123987197875977,0.03333333507180214,83.29920959472656,0.8696249127388,0.0,0.0235578790307045,1496.0,187,0.0002474634675309062,-1.828125,188,1.0,0.19505131244659424,-2.8678781986236572,-0.027867890894412994,0.009303482587064676
189,0.08572949469089508,-1.078470230102539,1294.615569837,53.92351150512695,1.19056e-05,,1782159101.0262766,1.0377109050750732,0.15180467069149017,95.4722900390625,0.8742972612380981,0.0,0.06112188100814819,1504.0,188,0.0007998906075954437,0.115234375,189,1.0,0.8405448198318481,-0.9632358551025391,-0.028068402782082558,0.009353233830845771
190,0.08056640625,-1.2052698135375977,1301.322078836,60.26349639892578,1.18944e-05,,1782159107.732825,1.0049444437026978,0.20361328125,107.56211853027344,0.8399491906166077,0.0,0.01746455579996109,1512.0,189,2.7787709768745117e-05,-0.026611328125,190,1.0,1.0314273834228516,-1.2318811416625977,-0.028164507821202278,0.009402985074626866
191,0.08353884518146515,-0.9672379493713379,1308.188217592,48.36189270019531,1.18832e-05,,1782159114.598814,1.0037386417388916,0.12238623201847076,59.30691146850586,0.8271160125732422,0.0,0.011630374938249588,1520.0,190,4.3977852328680456e-06,0.609375,191,1.0,0.4169974625110626,-0.3578629493713379,-0.019622303545475006,0.00945273631840796
192,0.1076280027627945,-1.242448091506958,1314.783557515,62.122406005859375,1.1872e-05,,1782159121.194154,1.0161558389663696,0.2077684998512268,82.15899658203125,0.771807074546814,0.0,0.01810779608786106,1528.0,191,0.0004091253213118762,-2.65625,192,1.0,0.7573306560516357,-3.898698091506958,-0.030348537489771843,0.009502487562189054
193,0.07650414854288101,-1.0300955772399902,1321.326713677,51.50477600097656,1.18608e-05,,1782159127.7368028,1.012958288192749,0.04037267342209816,68.99313354492188,0.6286901235580444,0.0,0.01705482415854931,1536.0,192,0.00028134885360486805,-0.52734375,193,1.0,0.19427120685577393,-1.5574393272399902,-0.021129734814167023,0.00955223880597015
194,0.091552734375,-1.313513994216919,1327.793531272,65.67569732666016,1.1849600000000001e-05,,1782159134.20401,0.999472975730896,0.162841796875,103.60895538330078,0.8414709568023682,0.0,0.016078442335128784,1544.0,193,9.619992852094583e-06,2.171875,194,1.0,0.7439049482345581,0.858361005783081,-0.02472880482673645,0.009601990049751244
195,0.0992063581943512,-1.2117446660995483,1334.505185576,60.58723449707031,1.18384e-05,,1782159140.9157033,1.0378767251968384,0.11070559173822403,55.36300277709961,0.8327807188034058,0.0,0.02882704883813858,1552.0,194,0.0015380363911390305,0.359375,195,1.0,0.32626253366470337,-0.8523696660995483,-0.028464414179325104,0.009651741293532337
196,0.12783750891685486,-1.1245269775390625,1341.088993655,56.226356506347656,1.18272e-05,,1782159147.4998302,1.0080037117004395,0.10059523582458496,66.12216186523438,0.8663675785064697,0.0,0.08776414394378662,1560.0,195,0.00015834953228477389,-1.7890625,196,1.0,0.2070961892604828,-2.9135894775390625,-0.038267288357019424,0.009701492537313432
197,0.12483617663383484,-0.8640632629394531,1347.591281827,43.20316696166992,1.1816e-05,,1782159154.0018392,1.0304665565490723,0.13120104372501373,59.80864715576172,0.9592989683151245,0.0,0.05525071173906326,1568.0,196,0.0009541804320178926,-2.796875,197,1.0,0.4041714668273926,-3.660938262939453,-0.03666370362043381,0.009751243781094527
198,0.08312958478927612,-0.9424980282783508,1354.072142626,47.124900817871094,1.18048e-05,,1782159160.4825008,1.0402817726135254,0.1333739310503006,61.74504852294922,0.7804452180862427,0.0,0.38955843448638916,1576.0,197,0.0027284373063594103,-1.0625,198,1.0,0.7709687948226929,-2.004997968673706,-0.020779360085725784,0.009800995024875622
199,0.08795749396085739,-0.8212025165557861,1362.689497709,41.06012725830078,1.17936e-05,,1782159169.0949872,0.9865124225616455,0.14870434999465942,46.638790130615234,0.7851290702819824,0.0,0.012648850679397583,1584.0,198,0.00015880506543908268,0.416015625,199,1.0,0.6521356105804443,-0.40518689155578613,-0.02161785215139389,0.009850746268656717
200,0.07644178718328476,-1.2926132678985596,1371.392471474,64.63066101074219,1.17824e-05,,1782159177.8024302,0.9926155805587769,0.15760868787765503,65.15337371826172,0.7034542560577393,0.0,0.01181136816740036,1592.0,199,0.00011069516040151939,1.28125,200,1.0,1.3573089838027954,-0.01136326789855957,-0.017030898481607437,0.00990049751243781
201,0.05895748734474182,-0.9579896926879883,1379.218281273,47.89948654174805,1.17712e-05,,1782159185.6286902,1.0264031887054443,0.1627907007932663,74.21503448486328,0.6646350622177124,0.0,0.012416604906320572,1600.0,200,0.0005482647102326155,0.240234375,201,1.0,0.4362359642982483,-0.7177553176879883,-0.017258334904909134,0.009950248756218905
202,0.0797644555568695,-1.0128624439239502,1395.539551264,50.64312744140625,1.176e-05,,1782159201.9504032,1.0214405059814453,0.15267379581928253,73.55531311035156,0.6851292848587036,0.0,0.018713902682065964,1608.0,201,0.0008249350939877331,0.126953125,202,1.0,0.5235321521759033,-0.8859093189239502,-0.01913892664015293,0.01
203,0.0918961837887764,-0.9272595643997192,1402.190589385,46.36297607421875,1.1748799999999998e-05,,1782159208.6012468,0.9996950626373291,0.2243386209011078,93.03256225585938,0.8471508622169495,0.0,0.016626611351966858,1616.0,202,4.579649157676613e-06,2.484375,203,1.0,1.4178094863891602,1.5571154356002808,-0.025929614901542664,0.010049751243781095
204,0.0881316065788269,-1.0661028623580933,1408.641955922,53.305145263671875,1.1737600000000001e-05,,1782159215.052389,1.0202230215072632,0.0808909684419632,64.2855224609375,0.785082221031189,0.0,0.013603268191218376,1624.0,203,0.0004957303171977401,-0.63671875,204,1.0,0.1975092589855194,-1.7028216123580933,-0.02253583073616028,0.010099502487562188
205,0.05053476244211197,-0.984007716178894,1415.656621105,49.20038986206055,1.17264e-05,,1782159222.0673485,1.0112431049346924,0.1204594075679779,51.84081268310547,0.5768076777458191,0.0,0.01007537916302681,1632.0,204,8.008929580682889e-05,-0.56640625,205,1.0,0.31199055910110474,-1.550413966178894,-0.01515837199985981,0.010149253731343283
206,0.1010981947183609,-0.8764803409576416,1424.088385602,43.82402038574219,1.17152e-05,,1782159230.4990256,1.0045437812805176,0.2802056670188904,46.70441436767578,0.8325429558753967,0.0,0.029786935076117516,1640.0,205,3.425321483518928e-05,-2.03125,206,1.0,0.6044330596923828,-2.9077303409576416,-0.031237050890922546,0.010199004975124378
207,0.06317787617444992,-1.2415107488632202,1430.655574628,62.075538635253906,1.1704e-05,,1782159237.0661643,1.0172888040542603,0.11078006774187088,70.04818725585938,0.7471951842308044,0.0,0.012056617997586727,1648.0,206,0.0001920383656397462,-0.2294921875,207,1.0,0.3717074990272522,-1.4710029363632202,-0.018400520086288452,0.010248756218905473
208,0.08549783378839493,-1.3202482461929321,1437.157871805,66.01242065429688,1.1692800000000001e-05,,1782159243.5687332,1.0177149772644043,0.08513513207435608,75.71276092529297,0.7751630544662476,0.0,0.02616121433675289,1656.0,207,0.00026006586267612875,-0.2578125,208,1.0,0.4156252145767212,-1.5780607461929321,-0.02798132598400116,0.010298507462686568
209,0.08093525469303131,-0.9781746864318848,1443.57746581,48.90873718261719,1.16816e-05,,1782159249.9876192,1.0145621299743652,0.1166267916560173,42.723915100097656,0.6970219612121582,0.0,0.01682770624756813,1664.0,208,0.0002837482315953821,-2.125,209,1.0,0.37213513255119324,-3.1031746864318848,-0.017072327435016632,0.010348258706467661
210,0.077392578125,-1.1994097232818604,1450.185006207,59.970489501953125,1.16704e-05,,1782159256.5958374,0.985601544380188,0.08837890625,89.91727447509766,0.6971203088760376,0.0,0.02685793861746788,1672.0,209,0.0001376668078592047,0.98828125,210,1.0,0.2231764942407608,-0.21112847328186035,-0.019250817596912384,0.010398009950248756
211,0.09088457375764847,-0.9795793890953064,1456.605610091,48.97896957397461,1.16592e-05,,1782159263.0163803,1.1568303108215332,0.12446120381355286,78.65345001220703,0.7687835693359375,0.0,0.025805070996284485,1680.0,210,0.026867525652050972,-0.8671875,211,1.0,0.3887949585914612,-1.8467669486999512,-0.027800656855106354,0.010447761194029851
212,0.09229958057403564,-1.0956021547317505,1462.93519361,54.78010559082031,1.1648e-05,,1782159269.3459725,1.0114296674728394,0.04109589010477066,93.26317596435547,0.8249080181121826,0.0,0.026629118248820305,1688.0,211,0.00016105332178995013,-1.234375,212,1.0,0.18623174726963043,-2.329977035522461,-0.025288784876465797,0.010497512437810946
213,0.10817307978868484,-1.134066104888916,1471.047727895,56.703311920166016,1.16368e-05,,1782159277.458394,1.0041931867599487,0.15741729736328125,105.96847534179688,0.9024968147277832,0.0,0.01582646556198597,1696.0,212,3.1992585718398914e-05,2.046875,213,1.0,0.7106800079345703,0.912808895111084,-0.03236953914165497,0.01054726368159204
214,0.073974609375,-1.3927435874938965,1477.84396303,69.63717651367188,1.1625600000000001e-05,,1782159284.2545469,0.9995695352554321,0.05712890625,90.4736099243164,0.762373685836792,0.0,0.010895446874201298,1704.0,213,3.153889565510326e-06,0.82421875,214,1.0,0.34580421447753906,-0.5685248374938965,-0.022099722176790237,0.010597014925373134
215,0.07616707682609558,-0.8776217699050903,1484.778907134,43.88108825683594,1.16144e-05,,1782159291.1894262,1.0945508480072021,0.03799019753932953,37.95027160644531,0.7148137092590332,0.0,0.021032240241765976,1712.0,214,0.008357721380889416,0.001953125,215,1.0,0.17425253987312317,-0.8756686449050903,-0.018210072070360184,0.010646766169154229
216,0.06208425760269165,-0.9066758751869202,1493.684135983,45.33379364013672,1.16032e-05,,1782159300.0948453,1.005612850189209,0.1590154767036438,73.00508117675781,0.7555962800979614,0.0,0.010607355274260044,1720.0,215,4.5528369810199365e-05,-0.98046875,216,1.0,0.6693171858787537,-1.8871445655822754,-0.01785603165626526,0.010696517412935324
217,0.06103515625,-0.846563458442688,1500.547914746,42.32817459106445,1.1591999999999998e-05,,1782159306.9582222,1.0027687549591064,0.1064453125,78.76620483398438,0.6575363874435425,0.0,0.018589716404676437,1728.0,216,1.641520793782547e-05,-0.0673828125,217,1.0,0.4075758457183838,-0.913946270942688,-0.015566328540444374,0.010746268656716417
218,0.066162109375,-1.2581429481506348,1507.43287507,62.90714645385742,1.1580800000000001e-05,,1782159313.843757,1.0135400295257568,0.139892578125,107.56288146972656,0.830494225025177,0.0,0.014432324096560478,1736.0,217,0.00012132830306654796,0.5546875,218,1.0,1.34915292263031,-0.7034554481506348,-0.017530396580696106,0.010796019900497512
219,0.0810234546661377,-1.1324388980865479,1514.124270285,56.6219482421875,1.15696e-05,,1782159320.5350547,1.0085053443908691,0.09424920380115509,84.07379150390625,0.7922121286392212,0.0,0.01211014948785305,1744.0,218,0.00011403745884308591,-0.90625,219,1.0,0.27017271518707275,-2.038688898086548,-0.02074125036597252,0.010845771144278607
220,0.08961749076843262,-1.0623522996902466,1521.199628415,53.11761474609375,1.15584e-05,,1782159327.6103458,1.002880573272705,0.08951964974403381,70.54866027832031,0.6956726312637329,0.0,0.01957179792225361,1752.0,219,1.8406159142614342e-05,-1.7578125,220,1.0,0.436931312084198,-2.820164680480957,-0.022600553929805756,0.010895522388059702
221,0.07958984375,-1.3296679258346558,1527.947717167,66.4833984375,1.15472e-05,,1782159334.3580966,1.013353943824768,0.016845703125,101.49005126953125,0.7702524662017822,0.0,0.014114176854491234,1760.0,220,0.0002268059179186821,-0.1630859375,221,1.0,0.10335180163383484,-1.4927538633346558,-0.01964772492647171,0.010945273631840797
222,0.07289416342973709,-1.131847858428955,1534.773808661,56.59239196777344,1.1536e-05,,1782159341.1841037,1.0153553485870361,0.02346278354525566,54.791629791259766,0.6031138896942139,0.0,0.012154652737081051,1768.0,221,0.00014341830683406442,0.294921875,222,1.0,0.20769643783569336,-0.8369259834289551,-0.021183352917432785,0.01099502487562189
223,0.07744702696800232,-1.0364623069763184,1542.448736384,51.8231201171875,1.15248e-05,,1782159348.859382,0.9985250234603882,0.13533265888690948,97.37842559814453,0.8045502305030823,0.0,0.015779713168740273,1776.0,222,2.050833973044064e-05,1.2265625,223,1.0,0.4236122667789459,0.19010019302368164,-0.022974003106355667,0.011044776119402985
224,0.08755388110876083,-1.3954741954803467,1549.777512364,69.77371215820312,1.15136e-05,,1782159356.187989,1.015671968460083,0.11948330700397491,62.47123718261719,0.6411134600639343,0.0,0.01742957904934883,1784.0,223,0.00016151100862771273,-0.62109375,224,1.0,0.4558360278606415,-2.0165679454803467,-0.026521649211645126,0.01109452736318408
225,0.09119106829166412,-1.0395928621292114,1556.34434669,51.979644775390625,1.15024e-05,,1782159362.754637,1.0181775093078613,0.1157178208231926,54.31311798095703,0.7586965560913086,0.0,0.02058538608253002,1792.0,224,0.00026860914658755064,0.515625,225,1.0,0.43818604946136475,-0.5239678621292114,-0.026483234018087387,0.011144278606965175
226,0.1362515389919281,-1.3191959857940674,1563.168853896,65.95979309082031,1.14912e-05,,1782159369.5792851,1.0139224529266357,0.23708486557006836,66.06637573242188,0.8940664529800415,0.0,0.05140340328216553,1800.0,225,9.129134559771046e-05,0.83984375,226,1.0,1.1236801147460938,-0.4793522357940674,-0.03253119811415672,0.011194029850746268
227,0.0809859186410904,-1.3025327920913696,1571.914623261,65.12664794921875,1.1479999999999999e-05,,1782159378.3237152,1.0099270343780518,0.15854978561401367,78.68510437011719,0.7904898524284363,0.0,0.017206624150276184,1808.0,226,0.0001361601462122053,-0.9765625,227,1.0,0.6545363664627075,-2.27909517288208,-0.024814028292894363,0.011243781094527363
228,0.084443099796772,-1.2997207641601562,1579.018339717,64.98603820800781,1.1468800000000001e-05,,1782159385.4287014,1.0056676864624023,0.1512681245803833,32.827388763427734,0.6133487224578857,0.0,0.05488799139857292,1816.0,227,2.989804488606751e-05,1.640625,228,1.0,0.6546998620033264,0.34090423583984375,-0.026476915925741196,0.011293532338308458
229,0.14232337474822998,-1.068854570388794,1586.039711672,53.44272994995117,1.14576e-05,,1782159392.4501855,1.0039677619934082,0.20635995268821716,51.36579895019531,0.9687864780426025,0.0,0.020455390214920044,1824.0,228,2.6740983230411075e-05,1.8125,229,1.0,0.970787763595581,0.743645429611206,-0.030354291200637817,0.011343283582089553
230,0.085205078125,-1.0208522081375122,1593.014487253,51.0426139831543,1.14464e-05,,1782159399.424771,1.0253170728683472,0.116455078125,99.15089416503906,0.8191615343093872,0.0,0.017683126032352448,1832.0,229,0.0006926155183464289,0.373046875,230,1.0,0.4466076195240021,-0.6478053331375122,-0.024445049464702606,0.011393034825870646
231,0.064208984375,-1.0587080717086792,1600.430242423,52.93540573120117,1.14352e-05,,1782159406.8405745,1.0165534019470215,0.124755859375,84.90089416503906,0.6805939078330994,0.0,0.017006952315568924,1840.0,230,0.00024086813209578395,0.050537109375,231,1.0,0.24637877941131592,-1.0081709623336792,-0.01721259579062462,0.011442786069651741
232,0.09732620418071747,-1.105797529220581,1612.130418022,55.289878845214844,1.1424e-05,,1782159418.5401719,1.0031824111938477,0.14663460850715637,82.01082611083984,0.8407483100891113,0.0,0.05258503928780556,1848.0,231,5.374769170884974e-05,-0.4921875,232,1.0,0.8328877687454224,-1.597985029220581,-0.027194969356060028,0.011492537313432836
233,0.07084690779447556,-1.1776188611984253,1618.825546797,58.880943298339844,1.14128e-05,,1782159425.2361267,1.0117144584655762,0.1450650840997696,61.64638900756836,0.7068222165107727,0.0,0.011010322719812393,1856.0,232,0.00015164139040280133,2.28125,233,1.0,0.3173333406448364,1.1036311388015747,-0.019265487790107727,0.01154228855721393
234,0.070556640625,-1.1699941158294678,1625.608839283,58.49970245361328,1.14016e-05,,1782159432.019707,1.024762511253357,0.205078125,78.60855102539062,0.6620345115661621,0.0,0.013032283633947372,1864.0,233,0.0006069951341487467,-1.453125,234,1.0,0.6952750086784363,-2.6231191158294678,-0.020105639472603798,0.011592039800995026
235,0.08070652186870575,-1.1704144477844238,1632.470184179,58.520729064941406,1.13904e-05,,1782159438.880617,1.0156573057174683,0.08061888813972473,65.11287689208984,0.7283203601837158,0.0,0.015329642221331596,1872.0,234,0.00025172848836518824,-0.69140625,235,1.0,0.2662894129753113,-1.8618206977844238,-0.019941456615924835,0.011641791044776119
236,0.08288337290287018,-1.1896857023239136,1639.178456873,59.484283447265625,1.13792e-05,,1782159445.5891836,0.9899441003799438,0.09250269830226898,78.1103286743164,0.7450507879257202,0.0,0.024557676166296005,1880.0,235,3.3400359825463966e-05,-0.5625,236,1.0,0.31406742334365845,-1.7521857023239136,-0.022657861933112144,0.011691542288557214
237,0.098876953125,-1.158046007156372,1645.812859834,57.902305603027344,1.1368e-05,,1782159452.2232497,1.0139671564102173,0.1142578125,97.75022888183594,0.7667707204818726,0.0,0.01978391781449318,1888.0,236,0.0002549871278461069,0.80859375,237,1.0,0.3556655943393707,-0.34945225715637207,-0.02877034619450569,0.011741293532338309
238,0.09807692468166351,-1.0947048664093018,1652.285623467,54.73524475097656,1.1356800000000001e-05,,1782159458.6963766,1.0211604833602905,0.24396267533302307,75.17239379882812,0.8219420909881592,0.0,0.020875412970781326,1896.0,237,0.000525123265106231,1.2734375,238,1.0,0.5787771344184875,0.17873263359069824,-0.0259845033288002,0.011791044776119404
239,0.10365226119756699,-1.2558226585388184,1658.956090786,62.79113006591797,1.13456e-05,,1782159465.3666234,0.9929028749465942,0.131160169839859,87.51934814453125,0.7529637813568115,0.0,0.021671542897820473,1904.0,238,1.5440198694705032e-05,0.578125,239,1.0,0.1621236503124237,-0.6776976585388184,-0.025409959256649017,0.011840796019900497
240,0.08667389303445816,-1.2146596908569336,1665.336361639,60.73297882080078,1.13344e-05,,1782159471.7470608,1.0044069290161133,0.17451298236846924,88.73198699951172,0.8724058270454407,0.0,0.023234011605381966,1912.0,239,9.967960795620456e-05,-0.353515625,240,1.0,0.5819936394691467,-1.5681753158569336,-0.028436018154025078,0.011890547263681592
241,0.09299780428409576,-1.2479910850524902,1673.83239018,62.39955520629883,1.1323199999999999e-05,,1782159480.242441,1.0283124446868896,0.1980874240398407,68.23526000976562,0.7867710590362549,0.0,0.03580358624458313,1920.0,240,0.000910099595785141,2.078125,241,1.0,0.7532818913459778,0.8301339149475098,-0.02917630225419998,0.011940298507462687
242,0.09740617871284485,-1.0800808668136597,1682.134291721,54.00404357910156,1.1312000000000001e-05,,1782159488.5426054,1.0189276933670044,0.13836824893951416,81.56583404541016,0.8828297257423401,0.0,0.018289458006620407,1928.0,241,0.00048585570766590536,0.64453125,242,1.0,0.2788436710834503,-0.43554961681365967,-0.02496596984565258,0.011990049751243782
243,0.10742630064487457,-1.3161489963531494,1689.862957078,65.80745697021484,1.13008e-05,,1782159496.273327,0.995018720626831,0.05429864302277565,72.99777221679688,0.844419002532959,0.0,0.01783754676580429,1936.0,242,1.7495627616881393e-05,1.1875,243,1.0,0.18116864562034607,-0.12864899635314941,-0.02884512208402157,0.012039800995024875
244,0.071044921875,-1.216455340385437,1696.751729415,60.8227653503418,1.12896e-05,,1782159503.1624014,0.9975614547729492,0.09033203125,77.9996337890625,0.6461372375488281,0.0,0.012491599656641483,1944.0,243,5.077502464700956e-06,0.85546875,244,1.0,0.3434562683105469,-0.360986590385437,-0.020400874316692352,0.01208955223880597
245,0.08090101182460785,-1.2931009531021118,1703.818976692,64.6550521850586,1.12784e-05,,1782159510.229426,1.0245277881622314,0.12010113149881363,34.83380889892578,0.6512511968612671,0.0,0.015574844554066658,1952.0,244,0.0011298133758828044,0.99609375,245,1.0,0.4198427200317383,-0.2970072031021118,-0.019567446783185005,0.012139303482587065
246,0.10115130990743637,-1.3375067710876465,1710.95629035,66.87533569335938,1.12672e-05,,1782159517.3669443,1.0187246799468994,0.029846660792827606,96.63934326171875,0.8635361194610596,0.0,0.05633298680186272,1960.0,245,0.0004237999673932791,1.40625,246,1.0,0.1348305493593216,0.06874322891235352,-0.030826497822999954,0.01218905472636816
247,0.14937499165534973,-1.4674854278564453,1717.579584588,73.374267578125,1.1256e-05,,1782159523.990075,1.0231149196624756,0.24345386028289795,62.608673095703125,0.8881937265396118,0.0,0.03462763875722885,1968.0,246,0.0004230107006151229,2.890625,247,1.0,0.8757094144821167,1.4231395721435547,-0.036080680787563324,0.012238805970149255
248,0.10124864429235458,-1.7103526592254639,1724.481716664,85.51763916015625,1.12448e-05,,1782159530.892296,1.012380599975586,0.25027117133140564,75.63346862792969,0.7763139605522156,0.0,0.020458905026316643,1976.0,247,0.00023141481506172568,3.84375,248,1.0,1.1774442195892334,2.133397340774536,-0.02986254170536995,0.012288557213930348
249,0.07527174055576324,-1.4310719966888428,1731.135112584,71.55359649658203,1.12336e-05,,1782159537.5453372,1.016040325164795,0.17752443253993988,77.65824127197266,0.7619443535804749,0.0,0.02596713975071907,1984.0,248,0.00042799636139534414,-0.12890625,249,1.0,0.8990768194198608,-1.5599782466888428,-0.019026178866624832,0.012338308457711443
250,0.11486486345529556,-1.2127785682678223,1737.925007056,60.63893127441406,1.12224e-05,,1782159544.3356235,1.025867223739624,0.26348650455474854,105.22348022460938,0.7962601780891418,0.0,0.029729092493653297,1992.0,249,0.0008782079094089568,2.171875,250,1.0,0.5523964166641235,0.9590964317321777,-0.031684525310993195,0.012388059701492538
251,0.10127736628055573,-1.2544355392456055,1744.706619553,62.721778869628906,1.1211199999999999e-05,,1782159551.1166677,1.001640796661377,0.14502426981925964,43.59075164794922,0.6911181211471558,0.0,0.01736922189593315,2000.0,250,4.4134314521215856e-05,1.0234375,251,1.0,0.25341159105300903,-0.23099803924560547,-0.026608601212501526,0.012437810945273632
252,0.0833333283662796,-1.5147337913513184,1753.424641862,75.7366943359375,1.1200000000000001e-05,,1782159559.8347924,1.0147117376327515,0.1832474172115326,81.89927673339844,0.7514761686325073,0.0,0.053421080112457275,2008.0,251,0.00026583950966596603,1.90625,252,1.0,0.5838644504547119,0.39151620864868164,-0.02221539616584778,0.012487562189054726
253,,,1759.063554595,,,"{'sha256': '3d749edb9f37ea8ce7218b2cf2e0a08da4a7434ba121abaf6bf081ee73dacc2e', 'size': 4749, '_latest_artifact_path': 'wandb-client-artifact://vcn71ot9ym73bkgkjdz4b0ku48ai3azlxedpm5kcxkzx46r18tw80sh06qor7gmi8gmhw8eetseo8f11u3ifx2gahmwe3tok610xkgf45qbfqplb9vxqyf81hbwn9zt3:latest/completions.table.json', 'path': 'media/table/completions_253_3d749edb9f37ea8ce721.table.json', '_type': 'table-file', 'ncols': 3, 'nrows': 8, 'log_mode': 'IMMUTABLE', 'artifact_path': 'wandb-client-artifact://ppxd5vxwjmaetqh0ascb6l20ajnzlk1t11pg3atyhoeg12gevotbk7kl205vyt66ephg4wtck6l7uemfw4k7b4irjyh70gsotu8lh0ocubyid2oql5ff5bp7pobnc9q6/completions.table.json'}",1782159565.4747334,,,,,,,,251,,,253,,,,,
254,0.1276824176311493,-1.2768100500106812,1765.725643028,63.84050369262695,1.11888e-05,,1782159572.1364152,1.017667293548584,0.22457173466682434,83.38758850097656,0.8377348184585571,0.0,0.07543854415416718,2016.0,252,0.00047345319762825966,-1.1484375,254,1.0,0.3126167356967926,-2.4252476692199707,-0.034669339656829834,0.01253731343283582
255,0.1041666716337204,-1.5492873191833496,1772.168916863,77.46436309814453,1.11776e-05,,1782159578.5796063,1.0143975019454956,0.26497554779052734,51.4302978515625,0.8445612192153931,0.0,0.02970753237605095,2024.0,253,0.00024993994156830013,-0.50390625,255,1.0,0.8739636540412903,-2.0531935691833496,-0.027208857238292694,0.012587064676616916
256,0.1222766861319542,-1.7248787879943848,1778.626579025,86.24394226074219,1.1166399999999999e-05,,1782159585.0373876,1.0210680961608887,0.22714906930923462,76.0126953125,0.8183510303497314,0.0,0.029424147680401802,2032.0,254,0.0005832071765325963,1.8828125,256,1.0,0.3448041081428528,0.15793371200561523,-0.03272692859172821,0.01263681592039801
257,0.11785714328289032,-1.5504883527755737,1785.215707935,77.52442169189453,1.11552e-05,,1782159591.6264157,1.0228636264801025,0.14092762768268585,102.19677734375,0.8883633613586426,0.0,0.026222556829452515,2040.0,255,0.0008190349326469004,2.046875,257,1.0,0.43683651089668274,0.49638664722442627,-0.029752248898148537,0.012686567164179104
258,0.11738906800746918,-1.6649823188781738,1791.49000061,83.24913024902344,1.1144e-05,,1782159597.9003665,1.0264205932617188,0.16881442070007324,101.66160583496094,0.8424953818321228,0.0,0.0246538445353508,2048.0,256,0.000604222237598151,1.8984375,258,1.0,0.32454365491867065,0.23345518112182617,-0.028429437428712845,0.012736318407960199
259,0.12451171875,-2.2617948055267334,1798.214996219,113.08975219726562,1.11328e-05,,1782159604.6256852,1.002880573272705,0.1884765625,118.6749267578125,0.9504514932632446,0.0,0.032073408365249634,2056.0,257,1.8315393390366808e-05,3.46875,259,1.0,0.5235503911972046,1.2069551944732666,-0.032013580203056335,0.012786069651741293
260,0.09843291342258453,-2.585660934448242,1804.924402286,129.28305053710938,1.11216e-05,,1782159611.3347752,1.0062534809112549,0.20792563259601593,104.32759094238281,0.8383877873420715,0.0,0.030790716409683228,2064.0,258,6.422972364816815e-05,2.359375,260,1.0,0.6343328356742859,-0.2262859344482422,-0.022924672812223434,0.012835820895522388
261,0.1366594433784485,-1.872208595275879,1811.768482709,93.61042785644531,1.11104e-05,,1782159618.179337,1.0112802982330322,0.2031419277191162,78.39024353027344,0.7776033878326416,0.0,0.10858754813671112,2072.0,259,0.0001825681101763621,2.84375,261,1.0,0.28392255306243896,0.9715414047241211,-0.03222290426492691,0.012885572139303483
262,0.1174892708659172,-2.614870548248291,1818.384832802,130.7435302734375,1.1099199999999999e-05,,1782159624.795333,1.0048480033874512,0.15755626559257507,88.19636535644531,0.881927490234375,0.0,0.026782028377056122,2080.0,260,3.771639603655785e-05,2.984375,262,1.0,0.5852723717689514,0.369504451751709,-0.03205272927880287,0.012935323383084577
263,0.11640079319477081,-2.2502710819244385,1824.972106056,112.51356506347656,1.1088e-05,,1782159631.3826857,1.011913776397705,0.21144278347492218,97.53983306884766,0.8256245851516724,0.0,0.14922861754894257,2088.0,261,4.7336234274553135e-05,2.75,263,1.0,0.5693129301071167,0.4997289180755615,-0.029096204787492752,0.012985074626865671
264,0.10177865624427795,-2.0203752517700195,1831.383311469,101.01876068115234,1.10768e-05,,1782159637.7940774,1.0349990129470825,0.16090819239616394,98.22779846191406,0.8673809170722961,0.0,0.031127244234085083,2096.0,262,0.00158325070515275,2.03125,264,1.0,0.4013442099094391,0.010874748229980469,-0.02671458199620247,0.013034825870646766
265,0.11305047571659088,-1.7012763023376465,1838.045059729,85.06381225585938,1.10656e-05,,1782159644.4558115,0.9979343414306641,0.2846029996871948,83.79270935058594,0.7989177107810974,0.0,0.024069946259260178,2104.0,263,1.3928481166658457e-05,4.96875,265,1.0,0.7770354151725769,3.2674736976623535,-0.03110029548406601,0.013084577114427861
266,0.10160965472459793,-2.126739501953125,1844.784188883,106.33697509765625,1.1054399999999999e-05,,1782159651.1950095,1.012294054031372,0.2856425642967224,87.88272094726562,0.772554874420166,0.0,0.07605518400669098,2112.0,264,0.00020431382290553302,1.5078125,266,1.0,0.6334319710731506,-0.618927001953125,-0.026361264288425446,0.013134328358208954
267,0.1278173178434372,-1.7177841663360596,1851.365689587,85.88921356201172,1.10432e-05,,1782159657.776317,1.0096797943115234,0.248816579580307,50.94622802734375,0.7534876465797424,0.0,0.029210317879915237,2120.0,265,0.0001565910642966628,5.4375,267,1.0,2.1527562141418457,3.7197158336639404,-0.03230093792080879,0.01318407960199005
268,0.16528497636318207,-2.3353166580200195,1858.163258025,116.76582336425781,1.1032e-05,,1782159664.573588,1.0316659212112427,0.19616976380348206,105.71829223632812,0.9269160628318787,0.0,0.056914933025836945,2128.0,266,0.0006222160300239921,3.5625,268,1.0,0.3248295485973358,1.2271833419799805,-0.03890547901391983,0.013233830845771144
269,0.12026892602443695,-1.63013756275177,1864.827664535,81.50688171386719,1.10208e-05,,1782159671.238431,1.0115615129470825,0.1271144300699234,87.10492706298828,0.718704342842102,0.0,0.02656886912882328,2136.0,267,0.0001433622819604352,2.5625,269,1.0,0.3381066620349884,0.93236243724823,-0.03117729164659977,0.01328358208955224
270,0.11177386343479156,-1.6596815586090088,1871.895726599,82.98408508300781,1.10096e-05,,1782159678.3065279,1.0134761333465576,0.22256729006767273,94.43448638916016,0.8966821432113647,0.0,0.032245684415102005,2144.0,268,0.00044052963494323194,0.2255859375,270,1.0,0.7677897214889526,-1.4340956211090088,-0.03237183392047882,0.013333333333333334
271,0.1293478161096573,-1.9376623630523682,1880.004999276,96.88311767578125,1.09984e-05,,1782159686.4158528,1.0382634401321411,0.1283930540084839,98.93373107910156,1.0952966213226318,0.0,0.0327865332365036,2152.0,269,0.002262105466797948,2.515625,271,1.0,0.4167170524597168,0.5779626369476318,-0.03065353073179722,0.013383084577114427
272,0.12939453125,-2.3140597343444824,1887.227193517,115.70298767089844,1.09872e-05,,1782159693.637589,0.9832072257995605,0.1171875,129.7275848388672,0.9674328565597534,0.0,0.038263361901044846,2160.0,270,0.00015158517635427415,2.375,272,1.0,0.36710596084594727,0.06094026565551758,-0.02912745624780655,0.013432835820895522
273,0.1558164358139038,-2.8021318912506104,1893.956358736,140.10659790039062,1.0976e-05,,1782159700.3671048,1.0221381187438965,0.14685501158237457,82.84956359863281,0.8344648480415344,0.0,0.29548215866088867,2168.0,271,0.0005913099157623947,3.921875,273,1.0,0.282318651676178,1.1197431087493896,-0.03759283199906349,0.013482587064676617
274,0.139892578125,-2.389183521270752,1901.000995371,119.45918273925781,1.09648e-05,,1782159707.4115417,1.0128552913665771,0.276611328125,115.82234191894531,0.8399184942245483,0.0,0.03985298424959183,2176.0,272,0.00012663575762417167,5.40625,274,1.0,0.4562912583351135,3.017066478729248,-0.03675572946667671,0.013532338308457712
275,0.14323844015598297,-1.7481337785720825,1907.588229743,87.40669250488281,1.09536e-05,,1782159713.9990134,1.0223461389541626,0.10342789441347122,67.98074340820312,0.8225215077400208,0.0,0.1447291076183319,2184.0,273,0.0004758842696901411,3.4375,275,1.0,0.31486085057258606,1.6893662214279175,-0.03657328337430954,0.013582089552238805
276,0.13399189710617065,-2.1412265300750732,1914.545673607,107.06132507324219,1.0942399999999999e-05,,1782159720.9560478,1.0101001262664795,0.17332996428012848,102.76020050048828,0.8398922681808472,0.0,0.035665906965732574,2192.0,274,0.00015412672655656934,3.59375,276,1.0,0.596705436706543,1.4525234699249268,-0.034626103937625885,0.0136318407960199
277,0.15576171875,-2.1990320682525635,1921.717895779,109.95159912109375,1.0931200000000001e-05,,1782159728.128665,1.0814719200134277,0.13818359375,128.06900024414062,0.9766305088996887,0.0,0.07892563194036484,2200.0,275,0.009371886029839516,2.375,277,1.0,0.317036509513855,0.17596793174743652,-0.03946822136640549,0.013681592039800995
278,0.13927802443504333,-2.3681931495666504,1928.842428081,118.40965270996094,1.092e-05,,1782159735.2525716,1.0168403387069702,0.1641550064086914,96.77879333496094,0.9592238664627075,0.0,0.037000223994255066,2208.0,276,0.00031150400172919035,4.125,278,1.0,0.6095169186592102,1.7568068504333496,-0.03748776763677597,0.01373134328358209
279,0.1318134218454361,-3.0474019050598145,1936.755059348,152.37008666992188,1.09088e-05,,1782159743.1657717,1.0636365413665771,0.17068064212799072,100.15509033203125,0.9798288345336914,0.0,0.12533451616764069,2216.0,277,0.004813119303435087,3.8125,279,1.0,0.26708734035491943,0.7650980949401855,-0.02938629873096943,0.013781094527363183
280,0.116943359375,-2.951785087585449,1943.89156329,147.58926391601562,1.0897599999999999e-05,,1782159750.302124,1.0006239414215088,0.215087890625,108.7120132446289,0.8967990279197693,0.0,0.02460145391523838,2224.0,278,3.251466841902584e-05,5.75,280,1.0,0.5127974152565002,2.798214912414551,-0.028560182079672813,0.013830845771144278
281,0.14304393529891968,-2.8731014728546143,1950.476232346,143.65505981445312,1.08864e-05,,1782159756.8866558,1.0085701942443848,0.33307212591171265,113.21961975097656,1.0135692358016968,0.0,0.0452151745557785,2232.0,279,0.00018420991546008736,2.34375,281,1.0,0.7475701570510864,-0.5293514728546143,-0.036123570054769516,0.013880597014925373
282,0.10825061798095703,-2.4945998191833496,1956.95475954,124.72998046875,1.08752e-05,,1782159763.3656552,1.001679539680481,0.260185182094574,40.06119918823242,0.7401949763298035,0.0,0.0212557315826416,2240.0,280,8.677265577716753e-05,6.0625,282,1.0,1.3878021240234375,3.5679001808166504,-0.016368286684155464,0.013930348258706468
283,0.13720703125,-3.0428359508514404,1963.234343091,152.14178466796875,1.0864e-05,,1782159769.6446326,1.0174384117126465,0.209716796875,115.06096649169922,0.920721173286438,0.0,0.03454127907752991,2248.0,281,0.0005059040267951787,3.78125,283,1.0,0.9864833354949951,0.7384140491485596,-0.030288640409708023,0.013980099502487563
284,0.09912109375,-2.471022129058838,1969.91551082,123.55110168457031,1.08528e-05,,1782159776.3258426,1.0198123455047607,0.2041015625,107.06608581542969,0.7524893283843994,0.0,0.032172273844480515,2256.0,282,0.0004789085651282221,2.40625,284,1.0,0.621349573135376,-0.06477212905883789,-0.025809764862060547,0.014029850746268656
285,0.13292548060417175,-2.8113842010498047,1977.680480874,140.56922912597656,1.08416e-05,,1782159784.0901964,1.0461220741271973,0.18063263595104218,69.24343872070312,0.7876456379890442,0.0,0.05510832369327545,2264.0,283,0.002022768137976527,3.296875,285,1.0,0.34125804901123047,0.4854907989501953,-0.028960760682821274,0.014079601990049751
286,0.11271186172962189,-2.2220911979675293,1986.211972951,111.10455322265625,1.0830399999999999e-05,,1782159792.6224868,1.000303030014038,0.2097409963607788,63.05622863769531,0.7517528533935547,0.0,0.03169703856110573,2272.0,284,1.5781333786435425e-05,2.890625,286,1.0,0.5807382464408875,0.6685338020324707,-0.0328056663274765,0.014129353233830846
287,0.10526315867900848,-1.8549654483795166,1994.686282629,92.74828338623047,1.08192e-05,,1782159801.0967321,1.0296552181243896,0.25256848335266113,70.66596221923828,0.8524883985519409,0.0,0.020642362534999847,2280.0,285,0.0010365912457928061,1.28125,287,1.0,0.750023603439331,-0.5737154483795166,-0.03126351535320282,0.014179104477611941
288,0.091796875,-2.182816743850708,2001.065211462,109.14083862304688,1.0808e-05,,1782159807.475828,1.0012847185134888,0.15625,104.14529418945312,0.7864983081817627,0.0,0.037327758967876434,2288.0,286,2.6710664315032773e-05,5.65625,288,1.0,0.5949221849441528,3.473433256149292,-0.023806843906641006,0.014228855721393034
289,0.0925000011920929,-1.9605896472930908,2007.575175027,98.02947998046875,1.07968e-05,,1782159813.985916,1.0099287033081055,0.2483370304107666,63.1824951171875,0.7160276770591736,0.0,0.026179568842053413,2296.0,287,0.00022925587836652994,0.99609375,289,1.0,0.680759072303772,-0.9644958972930908,-0.023278826847672462,0.014278606965174129
290,0.1474507451057434,-2.7429091930389404,2013.978632599,137.14544677734375,1.0785599999999999e-05,,1782159820.3893332,1.0094881057739258,0.15953756868839264,70.67372131347656,0.8315966725349426,0.0,0.03291900455951691,2304.0,288,0.00017722364282235503,3.65625,290,1.0,0.238771453499794,0.9133408069610596,-0.031404297798871994,0.014328358208955224
291,0.11083984375,-2.2803616523742676,2020.584262307,114.01808166503906,1.07744e-05,,1782159826.994908,1.004983901977539,0.150390625,98.39105987548828,0.8329174518585205,0.0,0.023424537852406502,2312.0,289,1.7423726603738032e-05,4.25,291,1.0,0.5152144432067871,1.9696383476257324,-0.02978760004043579,0.014378109452736319
292,0.11715367436408997,-2.165621280670166,2027.376799145,108.28106689453125,1.07632e-05,,1782159833.787327,1.0128188133239746,0.13783784210681915,78.97773742675781,0.834088921546936,0.0,0.033307645469903946,2320.0,290,0.00026105312281288207,2.6875,292,1.0,0.4824026823043823,0.521878719329834,-0.02876324951648712,0.014427860696517412
293,0.10996834933757782,-2.3053269386291504,2033.889527486,115.26634216308594,1.0752e-05,,1782159840.299964,1.025480031967163,0.2758166491985321,110.97671508789062,0.9813103675842285,0.0,0.042085133492946625,2328.0,291,0.0008247574442066252,-0.18359375,293,1.0,1.3673350811004639,-2.4889206886291504,-0.023910019546747208,0.014477611940298507
294,0.12610620260238647,-2.106235980987549,2042.178684904,105.31179809570312,1.07408e-05,,1782159848.5886927,1.0134329795837402,0.26049724221229553,89.94358825683594,0.8508214950561523,0.0,0.023482546210289,2336.0,292,0.00025208856095559895,4.34375,294,1.0,0.4780288636684418,2.237514019012451,-0.03154747933149338,0.014527363184079602
295,0.10498046875,-2.5299413204193115,2049.141790428,126.4970703125,1.07296e-05,,1782159855.5523715,1.0031096935272217,0.112548828125,98.84935760498047,0.7725753784179688,0.0,0.043673764914274216,2344.0,293,0.00013345855404622853,3.078125,295,1.0,0.4268437623977661,0.5481836795806885,-0.027150917798280716,0.014577114427860697
296,0.09521484375,-2.8317770957946777,2055.875175762,141.58885192871094,1.0718399999999999e-05,,1782159862.2858222,1.024145483970642,0.16455078125,96.09539794921875,0.7795929312705994,0.0,0.03716103360056877,2352.0,294,0.0007947070407681167,4.625,296,1.0,0.43197542428970337,1.7932229042053223,-0.022951209917664528,0.014626865671641792
297,0.104248046875,-1.881201982498169,2062.911713651,94.06010437011719,1.07072e-05,,1782159869.3218083,1.0192147493362427,0.1767578125,104.1310043334961,0.8285667300224304,0.0,0.09051164984703064,2360.0,295,0.0003398207772988826,0.5234375,297,1.0,0.8250775933265686,-1.357764482498169,-0.030264172703027725,0.014676616915422885
298,0.11083984375,-2.8446836471557617,2071.193977766,142.2341766357422,1.0696e-05,,1782159877.6035962,1.02008056640625,0.073486328125,98.31843566894531,0.8196613788604736,0.0,0.021684439852833748,2368.0,296,0.00026446147239767015,4.96875,298,1.0,0.4731227159500122,2.1240663528442383,-0.02649943344295025,0.01472636815920398
299,0.121826171875,-2.8309059143066406,2078.788785018,141.54531860351562,1.06848e-05,,1782159885.199507,1.0142734050750732,0.1552734375,117.27729797363281,0.8418413400650024,0.0,0.033072248101234436,2376.0,297,0.00015548006922472268,5.75,299,1.0,0.32801109552383423,2.9190940856933594,-0.0275433249771595,0.014776119402985075
300,0.114013671875,-2.9962399005889893,2085.106305987,149.81198120117188,1.0673599999999999e-05,,1782159891.516916,1.0021429061889648,0.153076171875,103.7665786743164,0.8626610040664673,0.0,0.024380864575505257,2384.0,298,0.00011159266432514414,4.5,300,1.0,0.48002874851226807,1.5037600994110107,-0.028803635388612747,0.01482587064676617
301,0.102294921875,-2.416285276412964,2092.522790049,120.81427001953125,1.06624e-05,,1782159898.933238,1.018708348274231,0.22998046875,91.4286117553711,0.7575098276138306,0.0,0.028572741895914078,2392.0,299,0.000566874397918582,2.53125,301,1.0,0.508560061454773,0.11496472358703613,-0.025513596832752228,0.014875621890547263
302,0.123291015625,-2.4340367317199707,2099.077927562,121.70184326171875,1.06512e-05,,1782159905.4882872,1.0471854209899902,0.099853515625,108.13027954101562,0.7869130373001099,0.0,0.04953266680240631,2400.0,300,0.0026604358572512865,4.9375,302,1.0,0.21317708492279053,2.5034632682800293,-0.03484027460217476,0.014925373134328358
303,0.0966796875,-2.7095141410827637,2105.51469999,135.4757080078125,1.064e-05,,1782159911.9255598,1.0043749809265137,0.2001953125,107.91496276855469,0.8565493822097778,0.0,0.018165403977036476,2408.0,301,4.068347698193975e-05,5.28125,303,1.0,0.41885194182395935,2.5717358589172363,-0.023462340235710144,0.014975124378109453
304,0.126953125,-2.6773550510406494,2111.977669896,133.8677520751953,1.0628799999999999e-05,,1782159918.3880832,1.014313817024231,0.03857421875,117.11798095703125,0.8906035423278809,0.0,0.027872074395418167,2416.0,302,0.00017773716535884887,5.84375,304,1.0,0.1770317256450653,3.1663949489593506,-0.03400183469057083,0.015024875621890548
305,0.087890625,-2.6512646675109863,2118.460370732,132.563232421875,1.06176e-05,,1782159924.8711429,1.0121805667877197,0.143798828125,103.91072082519531,0.8300020694732666,0.0,0.046108003705739975,2424.0,303,0.00038352239062078297,5.3125,305,1.0,0.3520735502243042,2.6612353324890137,-0.021240636706352234,0.015074626865671641
306,0.092041015625,-2.426236391067505,2125.206430128,121.31182098388672,1.06064e-05,,1782159931.616852,1.0161974430084229,0.083251953125,96.4073486328125,0.7700201272964478,0.0,0.03352219983935356,2432.0,304,0.0004529061261564493,4.59375,306,1.0,0.24889901280403137,2.167513608932495,-0.02296244353055954,0.015124378109452736
307,0.078857421875,-2.9745497703552246,2132.573635948,148.7274932861328,1.05952e-05,,1782159938.983738,1.0235129594802856,0.163330078125,98.97772216796875,0.7499520778656006,0.0,0.013319835066795349,2440.0,305,0.0006470165099017322,5.0,307,1.0,1.1726279258728027,2.0254502296447754,-0.01586838997900486,0.01517412935323383
308,0.12434279918670654,-2.7167978286743164,2139.651847993,135.8398895263672,1.0584e-05,,1782159946.0623198,1.0104315280914307,0.11292016506195068,98.1272964477539,0.862575888633728,0.0,0.0689312070608139,2448.0,306,0.00018502878083381802,3.796875,308,1.0,0.6103823184967041,1.0800771713256836,-0.02857142686843872,0.015223880597014926
309,0.109619140625,-2.726658821105957,2146.296578582,136.33294677734375,1.05728e-05,,1782159952.7070453,1.0184638500213623,0.073486328125,105.39990234375,0.8330265283584595,0.0,0.01988312043249607,2456.0,307,0.0004079458012711257,5.0625,309,1.0,0.24419769644737244,2.335841178894043,-0.028158986940979958,0.01527363184079602
310,0.102783203125,-2.8120124340057373,2153.206890054,140.60061645507812,1.0561599999999999e-05,,1782159959.6173997,1.059976577758789,0.0517578125,83.75557708740234,0.6721453666687012,0.0,0.04573405534029007,2464.0,308,0.006074933335185051,6.5625,310,1.0,0.19152045249938965,3.7504875659942627,-0.02489139512181282,0.015323383084577114
311,0.110595703125,-3.1587607860565186,2159.756162194,157.93804931640625,1.05504e-05,,1782159966.1670663,1.0086532831192017,0.208984375,110.90609741210938,0.8526519536972046,0.0,0.020867319777607918,2472.0,309,0.00010711010691011325,7.5625,311,1.0,0.44914746284484863,4.403738975524902,-0.026148304343223572,0.015373134328358209
312,0.128662109375,-3.2637438774108887,2166.398353788,163.1872100830078,1.05392e-05,,1782159972.809139,0.9900462627410889,0.060546875,113.60285186767578,0.8434385657310486,0.0,0.03724013268947601,2480.0,310,2.703317477426026e-05,6.84375,312,1.0,0.2522631585597992,3.5800061225891113,-0.029721852391958237,0.015422885572139304
313,0.12841796875,-3.4094412326812744,2173.524411536,170.4720458984375,1.0528e-05,,1782159979.935084,1.0421921014785767,0.12939453125,109.2510757446289,0.8558707237243652,0.0,0.03151770681142807,2488.0,311,0.0017354125156998634,7.0625,313,1.0,0.30042850971221924,3.6530587673187256,-0.03047986328601837,0.015472636815920399
314,0.11644535511732101,-3.391645669937134,2180.435700613,169.582275390625,1.0516799999999999e-05,,1782159986.8462656,1.0088906288146973,0.12346938997507095,103.10494995117188,0.934161901473999,0.0,0.022163379937410355,2496.0,312,9.137526649283245e-05,6.625,314,1.0,0.18266452848911285,3.233354330062866,-0.026200179010629654,0.015522388059701492
315,0.11650219559669495,-2.8136842250823975,2187.197860196,140.6842041015625,1.05056e-05,,1782159993.6081629,1.0092862844467163,0.17168675363063812,79.12621307373047,0.7633513808250427,0.0,0.03561759740114212,2504.0,313,0.0001567484432598576,4.8125,315,1.0,0.30108198523521423,1.9988157749176025,-0.02566438727080822,0.015572139303482587
316,0.11971484124660492,-2.4934771060943604,2193.679895029,124.67385864257812,1.04944e-05,,1782160000.090591,1.0082905292510986,0.11345776170492172,106.6529769897461,0.7769938111305237,0.0,0.052207767963409424,2512.0,314,0.00011220812302781269,4.125,316,1.0,0.29477035999298096,1.6315228939056396,-0.028108760714530945,0.015621890547263682
317,0.111328125,-3.1801657676696777,2200.193481172,159.00830078125,1.04832e-05,,1782160006.6042032,1.028877854347229,0.095458984375,85.09156799316406,0.6665396690368652,0.0,0.027555406093597412,2520.0,315,0.0008799619972705841,6.96875,317,1.0,0.24376383423805237,3.7885842323303223,-0.024362362921237946,0.015671641791044775
318,0.10498046875,-3.11301326751709,2206.965028896,155.65065002441406,1.0471999999999999e-05,,1782160013.3758845,1.0213168859481812,0.16748046875,95.03286743164062,0.7804415822029114,0.0,0.030019313097000122,2528.0,316,0.0005802198429591954,5.8125,318,1.0,0.27721136808395386,2.69948673248291,-0.024630695581436157,0.01572139303482587
319,0.09980237483978271,-3.353638172149658,2214.520529327,167.68191528320312,1.04608e-05,,1782160020.9311767,1.0085492134094238,0.07847976684570312,93.85221099853516,0.7696900963783264,0.0,0.0641242116689682,2536.0,317,0.000136421003844589,6.0625,319,1.0,0.43684935569763184,2.708861827850342,-0.028903506696224213,0.015771144278606965
320,0.08837890625,-2.908733367919922,2221.409112908,145.43666076660156,1.0449599999999999e-05,,1782160027.819991,1.0113728046417236,0.239013671875,75.25515747070312,0.5944417715072632,0.0,0.05405808240175247,2544.0,318,0.0001659466652199626,4.34375,320,1.0,0.35919520258903503,1.4350166320800781,-0.01973237469792366,0.01582089552238806
321,0.077880859375,-2.2370784282684326,2227.825282333,111.85392761230469,1.04384e-05,,1782160034.2356613,0.9991152882575989,0.166748046875,79.27174377441406,0.6620616912841797,0.0,0.026272039860486984,2552.0,319,4.198524038656615e-06,3.046875,321,1.0,0.5555534362792969,0.8097965717315674,-0.02161552757024765,0.015870646766169155
322,0.08837890625,-3.290882110595703,2234.424035158,164.54412841796875,1.04272e-05,,1782160040.8348262,1.0050932168960571,0.277099609375,75.94446563720703,0.5933902859687805,0.0,0.03424456715583801,2560.0,320,0.00011673349217744544,3.78125,322,1.0,0.3589514195919037,0.4903678894042969,-0.020493630319833755,0.015920398009950248
323,0.10845214128494263,-3.315587043762207,2241.012871362,165.77935791015625,1.0416e-05,,1782160047.423201,0.9908053278923035,0.37639880180358887,72.08637237548828,0.6516509056091309,0.0,0.11220613867044449,2568.0,321,4.25820799137e-05,2.828125,323,1.0,0.367829829454422,-0.48746204376220703,-0.024121467024087906,0.015970149253731344
324,0.110107421875,-3.6988301277160645,2249.06441351,184.94151306152344,1.0404799999999999e-05,,1782160055.4702244,1.0114442110061646,0.12890625,101.01750183105469,0.7788769006729126,0.0,0.03474321961402893,2576.0,322,0.00021266995463520288,6.65625,324,1.0,0.4120904803276062,2.9574198722839355,-0.025048263370990753,0.016019900497512438
325,0.11962890625,-3.1363861560821533,2258.516824429,156.81930541992188,1.03936e-05,,1782160064.925636,0.994975209236145,0.05126953125,91.12179565429688,0.6993619799613953,0.0,0.05627019330859184,2584.0,323,8.303693903144449e-06,6.21875,325,1.0,0.37593990564346313,3.0823638439178467,-0.026968397200107574,0.01606965174129353
326,0.10902255773544312,-2.892118453979492,2266.246926373,144.60592651367188,1.03824e-05,,1782160072.657465,1.0081710815429688,0.2280043065547943,67.65113067626953,0.6790124177932739,0.0,0.06582234054803848,2592.0,324,0.00014579475100617856,6.1875,326,1.0,0.4439482092857361,3.295381546020508,-0.026394229382276535,0.016119402985074627
327,0.112060546875,-3.7430105209350586,2273.809119999,187.15054321289062,1.03712e-05,,1782160080.2196205,1.009171485900879,0.03466796875,83.06414794921875,0.6257310509681702,0.0,0.03668715059757233,2600.0,325,0.00015990962856449187,6.1875,327,1.0,0.20649448037147522,2.4444894790649414,-0.02644094079732895,0.01616915422885572
328,0.10595703125,-3.2262282371520996,2281.239726374,161.31141662597656,1.0359999999999999e-05,,1782160087.650287,1.0061049461364746,0.130126953125,71.67401123046875,0.5660616159439087,0.0,0.04259467124938965,2608.0,326,6.677214696537703e-05,6.59375,328,1.0,0.2571856379508972,3.3675217628479004,-0.021584512665867805,0.016218905472636817
329,0.093017578125,-3.2027292251586914,2287.877258296,160.13645935058594,1.03488e-05,,1782160094.288037,1.0009713172912598,0.03466796875,89.77752685546875,0.6914175748825073,0.0,0.02584599144756794,2616.0,327,5.5706623243168e-06,6.84375,329,1.0,0.1677519977092743,3.6410207748413086,-0.020043855533003807,0.01626865671641791
330,0.083740234375,-3.1898491382598877,2294.675662592,159.49246215820312,1.0337599999999999e-05,,1782160101.0859706,1.0042142868041992,0.020263671875,79.1706314086914,0.5852401256561279,0.0,0.027761496603488922,2624.0,328,2.62312896666117e-05,6.28125,330,1.0,0.2379344403743744,3.0914008617401123,-0.020878802984952927,0.016318407960199004
331,0.121337890625,-3.4045488834381104,2301.499938593,170.22744750976562,1.03264e-05,,1782160107.910427,1.003245234489441,0.166748046875,98.87252807617188,0.7457354068756104,0.0,0.033058106899261475,2632.0,329,3.7556958432105603e-06,7.3125,331,1.0,0.26835858821868896,3.9079511165618896,-0.02852640114724636,0.0163681592039801
332,0.084716796875,-2.8821933269500732,2308.784194571,144.10968017578125,1.03152e-05,,1782160115.1947765,1.0015288591384888,0.05615234375,72.47621154785156,0.5542367696762085,0.0,0.019400687888264656,2640.0,330,1.2354922773738508e-06,7.1875,332,1.0,0.1684901863336563,4.305306434631348,-0.019375046715140343,0.016417910447761194
333,0.09746220707893372,-2.8809804916381836,2315.690955198,144.0490264892578,1.0304e-05,,1782160122.1017294,1.0185385942459106,0.1224379688501358,64.1104736328125,0.5996111631393433,0.0,0.02152174338698387,2648.0,331,0.0003866031765937805,6.3125,333,1.0,0.3141385018825531,3.4315195083618164,-0.024137374013662338,0.01646766169154229
334,0.073486328125,-3.0119881629943848,2322.435799767,150.5994110107422,1.0292799999999999e-05,,1782160128.8461447,1.0178709030151367,0.054931640625,76.94998931884766,0.5896037817001343,0.0,0.027860775589942932,2656.0,332,0.0003433561359997839,7.09375,334,1.0,0.26069724559783936,4.081761837005615,-0.018114332109689713,0.016517412935323383
335,0.083740234375,-3.8220739364624023,2328.84635102,191.1036834716797,1.02816e-05,,1782160135.2569559,1.022648811340332,0.156494140625,85.83134460449219,0.6560498476028442,0.0,0.019797533750534058,2664.0,333,0.0007207123562693596,7.78125,335,1.0,0.18989555537700653,3.9591760635375977,-0.016580995172262192,0.016567164179104477
336,0.06730769574642181,-3.0255391597747803,2335.701516674,151.27696228027344,1.02704e-05,,1782160142.112265,1.0108942985534668,0.058177828788757324,44.69654846191406,0.4997098743915558,0.0,0.011840226128697395,2672.0,334,0.000128226398373954,5.6875,336,1.0,0.44501811265945435,2.6619608402252197,-0.012981938198208809,0.016616915422885573
337,0.083740234375,-3.5200932025909424,2342.468062542,176.00466918945312,1.02592e-05,,1782160148.8785424,1.0120913982391357,0.129638671875,64.57764434814453,0.5062633752822876,0.0,0.027943043038249016,2680.0,335,0.0002490200859028846,8.0625,337,1.0,0.1662830412387848,4.542407035827637,-0.018884142860770226,0.016666666666666666
338,0.08544921875,-3.4837684631347656,2349.297939461,174.18844604492188,1.0247999999999999e-05,,1782160155.7087605,1.0126873254776,0.164794921875,70.65957641601562,0.5726215839385986,0.0,0.01877462863922119,2688.0,336,0.00013245388981886208,7.125,338,1.0,0.2284388542175293,3.6412315368652344,-0.01782723143696785,0.01671641791044776
339,0.0830078125,-3.644806146621704,2356.365636288,182.2403106689453,1.02368e-05,,1782160162.7760868,1.0206737518310547,0.17724609375,68.17802429199219,0.4640321135520935,0.0,0.02081284299492836,2696.0,337,0.0005672519910149276,6.78125,339,1.0,0.10863378643989563,3.136443853378296,-0.021500766277313232,0.016766169154228856
340,0.0693359375,-3.4674792289733887,2363.161125009,173.37396240234375,1.02256e-05,,1782160169.571611,0.9933894276618958,0.16650390625,55.804664611816406,0.4277167022228241,0.0,0.012722529470920563,2704.0,338,3.337973976158537e-05,8.375,340,1.0,0.19314223527908325,4.907520771026611,-0.014017876237630844,0.01681592039800995
341,0.0576171875,-2.5707597732543945,2371.449569893,128.53799438476562,1.02144e-05,,1782160177.8602557,0.9921914339065552,0.142822265625,71.80912780761719,0.5570477247238159,0.0,0.012046590447425842,2712.0,339,1.78513382707024e-05,6.625,341,1.0,0.5881989002227783,4.0542402267456055,-0.01701553724706173,0.016865671641791046
342,0.061767578125,-3.561521291732788,2378.042488247,178.0760498046875,1.0203199999999999e-05,,1782160184.4532382,1.0021181106567383,0.0341796875,83.38703918457031,0.6108419895172119,0.0,0.01604268327355385,2720.0,340,4.1789764509303495e-05,8.3125,342,1.0,0.17427480220794678,4.750978469848633,-0.013722230680286884,0.01691542288557214
343,0.06640625,-3.4463624954223633,2384.621508591,172.31813049316406,1.0192e-05,,1782160191.0322704,1.0100762844085693,0.182373046875,59.318511962890625,0.4434593915939331,0.0,0.012780401855707169,2728.0,341,0.00011432469909777865,6.0,343,1.0,0.11925680935382843,2.5536375045776367,-0.016557665541768074,0.016965174129353233
344,0.062255859375,-3.302844524383545,2391.654903865,165.14224243164062,1.01808e-05,,1782160198.0654118,1.0006918907165527,0.1826171875,66.53489685058594,0.5100318193435669,0.0,0.015129311941564083,2736.0,342,5.6749790928734e-06,8.4375,344,1.0,0.3215683400630951,5.134655475616455,-0.013577749952673912,0.01701492537313433
345,0.052001953125,-3.3229870796203613,2398.874151752,166.14935302734375,1.01696e-05,,1782160205.2849226,1.005309820175171,0.047607421875,60.8159065246582,0.5281517505645752,0.0,0.009198412299156189,2744.0,343,4.407019878271967e-05,7.375,345,1.0,0.21478086709976196,4.052012920379639,-0.011068110354244709,0.017064676616915422
346,0.06982421875,-3.2944703102111816,2405.945175353,164.72352600097656,1.0158400000000001e-05,,1782160212.355675,1.0141087770462036,0.01171875,79.07886505126953,0.601219892501831,0.0,0.03776508569717407,2752.0,344,0.00013455685984808952,7.53125,346,1.0,0.2117263674736023,4.236779689788818,-0.017175432294607162,0.01711442786069652
347,0.07666015625,-2.77022385597229,2413.145175607,138.51119995117188,1.01472e-05,,1782160219.5557845,0.9969577789306641,0.005126953125,55.11149978637695,0.4523690640926361,0.0,0.025753796100616455,2760.0,345,1.328318489868252e-06,7.625,347,1.0,0.10750234872102737,4.854776382446289,-0.014792360365390778,0.017164179104477612
348,0.11486485600471497,-3.237779140472412,2420.097775886,161.8889617919922,1.0136e-05,,1782160226.508297,1.0119786262512207,0.0,69.60436248779297,0.7031014561653137,0.0,0.052128590643405914,2768.0,346,0.00012574667925946414,6.0625,348,1.0,0.1018897294998169,2.824720859527588,-0.02490503340959549,0.017213930348258705
349,0.0703125,-3.1198883056640625,2427.145925573,155.99441528320312,1.01248e-05,,1782160233.5565803,1.0047965049743652,0.032958984375,77.63313293457031,0.5797123908996582,0.0,0.008801563642919064,2776.0,347,3.315598223707639e-05,7.1875,349,1.0,0.09996649622917175,4.0676116943359375,-0.01700938120484352,0.017263681592039802
350,0.056396484375,-3.0139126777648926,2435.998753198,150.6956329345703,1.0113600000000001e-05,,1782160242.4094052,1.0037305355072021,0.113037109375,69.56681823730469,0.5249589085578918,0.0,0.007528023328632116,2784.0,348,1.9533707018126734e-05,7.0625,350,1.0,0.3566508889198303,4.048587322235107,-0.010505754500627518,0.017313432835820895
351,0.07275390625,-3.186263084411621,2443.189058476,159.31314086914062,1.01024e-05,,1782160249.5998273,1.0131168365478516,0.008056640625,69.75146484375,0.5802323818206787,0.0,0.014094756916165352,2792.0,349,6.926131754880771e-05,7.53125,351,1.0,0.05241795629262924,4.344986915588379,-0.016370682045817375,0.01736318407960199
352,0.051025390625,-2.5250084400177,2450.073705614,126.25042724609375,1.00912e-05,,1782160256.4841301,1.0041921138763428,0.067626953125,54.12248992919922,0.44082069396972656,0.0,0.008545862510800362,2800.0,350,5.791630883322796e-06,7.3125,352,1.0,0.07591408491134644,4.787491798400879,-0.008540669456124306,0.017412935323383085
353,0.064208984375,-3.027432441711426,2457.250399097,151.3716278076172,1.008e-05,,1782160263.6610203,1.000687599182129,0.005615234375,86.93009185791016,0.6625998020172119,0.0,0.019891325384378433,2808.0,351,2.330419874851941e-06,7.75,353,1.0,0.12282636761665344,4.722567558288574,-0.015563526190817356,0.01746268656716418
354,0.0673828125,-2.799778699874878,2464.112443141,139.98895263671875,1.00688e-05,,1782160270.5232773,1.0036895275115967,0.22216796875,78.22744750976562,0.5855059623718262,0.0,0.019071757793426514,2816.0,352,6.813041545683518e-05,4.8125,354,1.0,0.4723205864429474,2.012721300125122,-0.017741985619068146,0.017512437810945275
355,0.067626953125,-3.319770097732544,2471.869316978,165.98849487304688,1.00576e-05,,1782160278.2801137,0.9990013837814331,0.14697265625,73.92877197265625,0.6246323585510254,0.0,0.017538903281092644,2824.0,353,1.0835960893018637e-05,8.125,355,1.0,0.11631898581981659,4.805230140686035,-0.015724457800388336,0.017562189054726368
356,0.065185546875,-3.2195096015930176,2478.867115466,160.9754638671875,1.00464e-05,,1782160285.2775624,1.0209603309631348,0.014404296875,74.63721466064453,0.6485892534255981,0.0,0.03549855947494507,2832.0,354,0.0003842991718556732,7.03125,356,1.0,0.10879403352737427,3.8117403984069824,-0.0132831372320652,0.01761194029850746
357,0.076171875,-3.5684492588043213,2485.861830396,178.42247009277344,1.00352e-05,,1782160292.272506,1.0038559436798096,0.00048828125,89.82820129394531,0.7424917221069336,0.0,0.04516051337122917,2840.0,355,1.4777375326957554e-05,7.625,357,1.0,0.19837084412574768,4.056550979614258,-0.02046421356499195,0.017661691542288558
358,0.08440171182155609,-3.2063372135162354,2492.758453668,160.31686401367188,1.0024e-05,,1782160299.1690946,1.0007296800613403,0.11179295182228088,79.5792465209961,0.7129150629043579,0.0,0.034935761243104935,2848.0,356,2.2114449166110717e-05,7.78125,358,1.0,0.14412884414196014,4.574913024902344,-0.020130449905991554,0.01771144278606965
359,0.06591796875,-3.5313382148742676,2499.82067495,176.56689453125,1.0012799999999998e-05,,1782160306.2313006,1.0118768215179443,0.023681640625,92.54450225830078,0.7084041833877563,0.0,0.012402839958667755,2856.0,357,8.453253394691274e-05,8.4375,359,1.0,0.2215871810913086,4.906161785125732,-0.013561902567744255,0.017761194029850748
360,0.078857421875,-3.282860517501831,2506.623813413,164.14303588867188,1.0001600000000001e-05,,1782160313.0339923,1.0046067237854004,0.138671875,95.42057800292969,0.7304666042327881,0.0,0.016568388789892197,2864.0,358,3.487431240500882e-05,8.8125,360,1.0,0.05899536982178688,5.52963924407959,-0.018405839800834656,0.01781094527363184
361,0.068603515625,-2.9631142616271973,2513.721506675,148.15573120117188,9.9904e-06,,1782160320.13141,1.008465051651001,0.041259765625,89.8194351196289,0.6884328126907349,0.0,0.01372961513698101,2872.0,359,9.535672143101692e-05,7.5,361,1.0,0.19817548990249634,4.536885738372803,-0.014919852837920189,0.017860696517412934
362,0.069091796875,-3.0472488403320312,2520.717682602,152.36245727539062,9.9792e-06,,1782160327.1281784,1.0104583501815796,0.0107421875,87.85673522949219,0.7144174575805664,0.0,0.01833750307559967,2880.0,360,0.00016406433132942766,7.28125,362,1.0,0.17327755689620972,4.234001159667969,-0.012944516725838184,0.01791044776119403
363,0.083740234375,-3.5533885955810547,2527.80987865,177.66943359375,9.968e-06,,1782160334.2206457,1.0060513019561768,0.009765625,99.7537841796875,0.80428147315979,0.0,0.0146672073751688,2888.0,361,5.6676624808460474e-05,9.25,363,1.0,0.06857788562774658,5.696611404418945,-0.022923607379198074,0.017960199004975124
364,0.07763671875,-3.584146738052368,2535.258510367,179.20733642578125,9.956800000000001e-06,,1782160341.669145,1.0080443620681763,0.0615234375,112.31400299072266,0.9096261262893677,0.0,0.0167192742228508,2896.0,362,0.00013487272372003645,9.1875,364,1.0,0.2902076244354248,5.603353500366211,-0.015662238001823425,0.018009950248756217
365,0.10498046875,-3.8749911785125732,2542.316558298,193.7495574951172,9.9456e-06,,1782160348.7270515,1.0065512657165527,0.184814453125,117.83259582519531,0.915678858757019,0.0,0.08752982318401337,2904.0,363,2.404910628683865e-05,7.03125,365,1.0,0.5860804319381714,3.1562588214874268,-0.021204030141234398,0.018059701492537314
366,0.085693359375,-3.4786994457244873,2549.416915356,173.93496704101562,9.9344e-06,,1782160355.827285,1.006733775138855,0.0830078125,119.46157836914062,0.9324659109115601,0.0,0.01538764126598835,2912.0,364,5.801346924272366e-05,8.1875,366,1.0,0.20147128403186798,4.708800315856934,-0.016334358602762222,0.018109452736318407
367,0.0986328125,-3.8420093059539795,2556.505799497,192.1004638671875,9.9232e-06,,1782160362.9164617,1.00563645362854,0.228271484375,113.46205139160156,0.905592143535614,0.0,0.02774900384247303,2920.0,365,7.587754225824028e-05,8.4375,367,1.0,0.20816123485565186,4.595490455627441,-0.022485366091132164,0.018159203980099504
368,0.071044921875,-3.741903781890869,2563.171366088,187.09518432617188,9.912e-06,,1782160369.5816927,1.0044548511505127,0.085205078125,125.44050598144531,0.9307705760002136,0.0,0.009878277778625488,2928.0,366,8.202003664337099e-05,7.53125,368,1.0,0.2564238905906677,3.789346218109131,-0.015884649008512497,0.018208955223880597
369,0.07275390625,-3.8501968383789062,2569.807751032,192.50985717773438,9.9008e-06,,1782160376.2181764,1.0007476806640625,0.11328125,121.15371704101562,0.9762167930603027,0.0,0.010059444233775139,2936.0,367,3.910644863935886e-06,8.375,369,1.0,0.29617708921432495,4.524803161621094,-0.01789575070142746,0.01825870646766169
370,0.06298828125,-3.031489610671997,2578.031991115,151.57447814941406,9.889600000000001e-06,,1782160384.442499,1.0002425909042358,0.029541015625,93.54591369628906,0.7570482492446899,0.0,0.011882747523486614,2944.0,368,4.135812559979968e-06,7.875,370,1.0,0.33122915029525757,4.843510627746582,-0.015535065904259682,0.018308457711442787
371,0.07421875,-4.006606101989746,2584.905132146,200.330322265625,9.8784e-06,,1782160391.3158774,1.0047502517700195,0.12841796875,124.95875549316406,0.9593209028244019,0.0,0.01391599141061306,2952.0,369,5.5543030612170696e-05,9.875,371,1.0,0.31781861186027527,5.868393898010254,-0.02127634361386299,0.01835820895522388
372,0.079833984375,-3.4604945182800293,2591.762404008,173.02471923828125,9.8672e-06,,1782160398.1729376,1.0040614604949951,0.0166015625,121.90292358398438,0.8438528776168823,0.0,0.07864446192979813,2960.0,370,2.7008636607206427e-05,7.90625,372,1.0,0.12041612714529037,4.445755481719971,-0.01437324471771717,0.018407960199004977
373,0.071044921875,-3.3621697425842285,2598.671882029,168.10850524902344,9.855999999999998e-06,,1782160405.0823007,0.9987010359764099,0.190185546875,102.15510559082031,0.7927401065826416,0.0,0.012535234913229942,2968.0,371,5.634009994537337e-06,9.1875,373,1.0,0.26272955536842346,5.8253302574157715,-0.015368768945336342,0.01845771144278607
374,0.07177734375,-3.7718911170959473,2605.610831856,188.5945587158203,9.844800000000001e-06,,1782160412.0213952,0.9996529817581177,0.026123046875,115.9719009399414,0.8087451457977295,0.0,0.03070893883705139,2976.0,372,1.6668989701429382e-05,9.375,374,1.0,0.19666364789009094,5.603108882904053,-0.01467536948621273,0.018507462686567163
375,0.0625,-3.1055855751037598,2612.483865724,155.279296875,9.8336e-06,,1782160418.8942904,1.007227897644043,0.06810811161994934,78.71389770507812,0.7668864727020264,0.0,0.017857497557997704,2984.0,373,7.589527376694605e-05,7.65625,375,1.0,0.2527531385421753,4.55066442489624,-0.014192248694598675,0.01855721393034826
376,0.06103515625,-3.375959873199463,2619.11617368,168.79800415039062,9.8224e-06,,1782160425.5264978,1.0025677680969238,0.00244140625,102.6615982055664,0.7948336601257324,0.0,0.011077743023633957,2992.0,374,1.538533797429409e-05,7.53125,376,1.0,0.19199785590171814,4.155290126800537,-0.01614796370267868,0.018606965174129353
377,0.05029296875,-3.29280424118042,2625.906321168,164.64022827148438,9.8112e-06,,1782160432.3169994,0.9972615242004395,0.0,82.72820281982422,0.6820310950279236,0.0,0.007325946819037199,3000.0,375,2.2877950414113e-06,8.3125,377,1.0,0.0953807532787323,5.01969575881958,-0.014931222423911095,0.018656716417910446
378,0.057861328125,-3.038353443145752,2633.108759434,151.91766357421875,9.8e-06,,1782160439.5192804,1.0001581907272339,0.234130859375,108.06143951416016,0.8233100771903992,0.0,0.00847281888127327,3008.0,376,2.8961505904590013e-06,9.125,378,1.0,0.25340789556503296,6.086646556854248,-0.01409358624368906,0.018706467661691543
379,,,2637.973371607,,,"{'ncols': 3, 'nrows': 8, 'log_mode': 'IMMUTABLE', 'path': 'media/table/completions_379_45d483413222c92e6906.table.json', 'sha256': '45d483413222c92e690607cede16bc5983fb4d5614b947e259e1cf63abda2fee', 'size': 3802, '_latest_artifact_path': 'wandb-client-artifact://bksnoecfrrldnn0qdijqfo3ux6q08vf3euse0bdhzti9vyk3ggvmtamwiedjv6fmr2pzjwca4mrc7hzcmpevxpp917q93jlumm647p59upljjfx5z5rkdyn7zcsfb2m2:latest/completions.table.json', 'artifact_path': 'wandb-client-artifact://kyxhzy4700glnaohsdq9ozg2ur23qheiha2g1fz91h6sns00yftbbmrh6l26w69z0npyv37zb1mhsljddured6wfwnho9kkpykey400wen2mg1qfq5pfwdtwgz4gv14t/completions.table.json', '_type': 'table-file'}",1782160444.3842738,,,,,,,,376,,,379,,,,,
380,0.056884765625,-3.55698299407959,2644.501609122,177.8491668701172,9.7888e-06,,1782160450.9120562,1.003904938697815,0.130615234375,91.36248779296875,0.7581753730773926,0.0,0.007817257195711136,3016.0,377,3.29170907207299e-05,7.75,380,1.0,0.17246562242507935,4.19301700592041,-0.014995072036981583,0.018756218905472636
381,0.075439453125,-3.4800238609313965,2651.275147292,174.00120544433594,9.7776e-06,,1782160457.685549,1.0122160911560059,0.001708984375,108.61832427978516,0.8049712181091309,0.0,0.011634319089353085,3024.0,378,0.00014224807091522962,8.25,381,1.0,0.13068032264709473,4.7699761390686035,-0.0170530267059803,0.018805970149253733
382,0.05078125,-3.560457229614258,2657.836173797,178.02285766601562,9.7664e-06,,1782160464.2465916,0.998837947845459,0.001220703125,93.87710571289062,0.7717917561531067,0.0,0.009002704173326492,3032.0,379,5.038601557316724e-06,8.5,382,1.0,0.22559550404548645,4.939542770385742,-0.013000601902604103,0.018855721393034826
383,0.04541015625,-3.5042548179626465,2664.482591902,175.21273803710938,9.7552e-06,,1782160470.893357,1.0066704750061035,0.111328125,94.79893493652344,0.7735108137130737,0.0,0.006335512734949589,3040.0,380,2.4723121896386147e-05,7.3125,383,1.0,0.24378322064876556,3.8082451820373535,-0.013413771986961365,0.01890547263681592
384,0.0498046875,-3.8175241947174072,2671.114545983,190.876220703125,9.743999999999999e-06,,1782160477.525311,0.9999182224273682,0.000244140625,93.07276916503906,0.7508476376533508,0.0,0.008982492610812187,3048.0,381,1.5855380297580268e-06,8.0,384,1.0,0.17366448044776917,4.182476043701172,-0.013956062495708466,0.018955223880597016
385,0.046142578125,-3.7036116123199463,2677.721436152,185.1805877685547,9.732800000000001e-06,,1782160484.131572,1.0011863708496094,0.134765625,88.80413818359375,0.6979997158050537,0.0,0.00611199252307415,3056.0,382,1.0852355444512796e-05,7.25,385,1.0,0.35521429777145386,3.5463883876800537,-0.013553907163441181,0.01900497512437811
386,0.049560546875,-3.609253168106079,2684.326260144,180.46266174316406,9.7216e-06,,1782160490.736721,1.0005879402160645,0.000244140625,81.40055847167969,0.6451215744018555,0.0,0.009522369131445885,3064.0,383,1.1498042340463144e-07,7.8125,386,1.0,0.23021697998046875,4.2032470703125,-0.011390570551156998,0.019054726368159206
387,0.059814453125,-3.5465431213378906,2691.088322942,177.32717895507812,9.7104e-06,,1782160497.4987872,0.9981529116630554,0.007568359375,104.63809204101562,0.7764505743980408,0.0,0.00683093536645174,3072.0,384,2.83360100183927e-06,8.3125,387,1.0,0.14609763026237488,4.765956878662109,-0.013892510905861855,0.0191044776119403
388,0.052734375,-3.7988028526306152,2697.912126417,189.9401397705078,9.6992e-06,,1782160504.3225756,0.9989481568336487,0.003173828125,90.98189544677734,0.7265372276306152,0.0,0.007324778940528631,3080.0,385,3.2030809506977675e-06,8.375,388,1.0,0.30325984954833984,4.576197147369385,-0.011144408956170082,0.019154228855721392
389,0.046875,-3.486177921295166,2704.966417914,174.30889892578125,9.688e-06,,1782160511.377107,0.9947623014450073,0.013427734375,72.06808471679688,0.5544471740722656,0.0,0.010123944841325283,3088.0,386,9.533692718832754e-06,8.0625,389,1.0,0.12983465194702148,4.576322078704834,-0.01142931915819645,0.01920398009950249
390,0.0556640625,-3.496011257171631,2711.522767981,174.80056762695312,9.6768e-06,,1782160517.933286,1.0047645568847656,0.037841796875,85.90364074707031,0.6586899161338806,0.0,0.0068116746842861176,3096.0,387,5.129030341777252e-06,8.875,390,1.0,0.11076480895280838,5.378988742828369,-0.016738316044211388,0.019253731343283582
391,0.053466796875,-3.4522366523742676,2718.469512212,172.61184692382812,9.6656e-06,,1782160524.8800273,1.0039676427841187,0.098388671875,72.47381591796875,0.5492636561393738,0.0,0.008549878373742104,3104.0,388,1.144266570918262e-05,9.0,391,1.0,0.15541484951972961,5.547763347625732,-0.010938622057437897,0.019303482587064675
392,0.0439453125,-3.5503454208374023,2725.450472956,177.51727294921875,9.6544e-06,,1782160531.8609192,0.9999666213989258,0.005859375,74.94419860839844,0.5682337284088135,0.0,0.008169971406459808,3112.0,389,5.493094704434043e-06,8.75,392,1.0,0.1954619288444519,5.199654579162598,-0.009979560039937496,0.01935323383084577
393,0.05224609375,-3.70452618598938,2732.414161353,185.226318359375,9.6432e-06,,1782160538.8244262,1.0075325965881348,0.000244140625,83.11532592773438,0.6363057494163513,0.0,0.01234294194728136,3120.0,390,7.212513446575031e-05,8.1875,393,1.0,0.1232096329331398,4.482974052429199,-0.011530639603734016,0.019402985074626865
394,0.072021484375,-3.5219476222991943,2741.483609303,176.09738159179688,9.631999999999999e-06,,1782160547.8941152,1.0057340860366821,0.003662109375,96.30419921875,0.7125234603881836,0.0,0.019252613186836243,3128.0,391,3.3664811780909076e-05,8.4375,394,1.0,0.1384993940591812,4.915552139282227,-0.012162269093096256,0.01945273631840796
395,0.05200433358550072,-3.2958316802978516,2748.652117107,164.79159545898438,9.620800000000001e-06,,1782160555.0627458,1.0016820430755615,0.10362553596496582,61.018775939941406,0.6230154037475586,0.0,0.015951137989759445,3136.0,392,8.214412446250208e-06,6.875,395,1.0,0.38265830278396606,3.5791683197021484,-0.012034925632178783,0.019502487562189055
396,0.044677734375,-3.48911190032959,2755.754742092,174.45559692382812,9.6096e-06,,1782160562.1646316,1.0113937854766846,0.052001953125,74.90010070800781,0.5727289319038391,0.0,0.006630592979490757,3144.0,393,0.00013221157132647932,7.53125,396,1.0,0.296485036611557,4.04213809967041,-0.009776102378964424,0.019552238805970148
397,0.054931640625,-3.612415075302124,2763.074692012,180.62075805664062,9.5984e-06,,1782160569.485071,1.006219744682312,0.075439453125,77.04951477050781,0.651947021484375,0.0,0.008955705910921097,3152.0,394,1.2727592547889799e-05,8.5,397,1.0,0.19090311229228973,4.887584686279297,-0.010901137255132198,0.019601990049751244
398,0.050048828125,-3.5581917762756348,2769.939214786,177.90960693359375,9.587199999999999e-06,,1782160576.3493953,1.0004360675811768,0.01171875,100.94891357421875,0.7131146192550659,0.0,0.00724759791046381,3160.0,395,1.061328930518357e-05,9.0,398,1.0,0.14453907310962677,5.441808223724365,-0.008808288723230362,0.019651741293532338
399,0.052978515625,-3.542922019958496,2777.342175751,177.14610290527344,9.576000000000001e-06,,1782160583.7527828,0.9975252151489258,0.12255859375,101.15185546875,0.7090928554534912,0.0,0.0063508604653179646,3168.0,396,2.9574960080935853e-06,9.3125,399,1.0,0.1617315411567688,5.769577980041504,-0.013253788463771343,0.019701492537313434
400,0.05078125,-3.6596968173980713,2784.302912989,182.98483276367188,9.5648e-06,,1782160590.7134633,1.0013483762741089,0.1240234375,80.52957916259766,0.6348669528961182,0.0,0.007090714760124683,3176.0,397,4.20964306613314e-06,8.0,400,1.0,0.1386014074087143,4.340303421020508,-0.01274966076016426,0.019751243781094528
401,0.04345703125,-3.3076577186584473,2791.389241106,165.38290405273438,9.5536e-06,,1782160597.799856,1.0034220218658447,0.2099609375,93.12117004394531,0.7243283987045288,0.0,0.0058238450437784195,3184.0,398,2.046112967946101e-05,9.1875,401,1.0,0.13576102256774902,5.879842281341553,-0.012011606246232986,0.01980099502487562
402,0.05859375,-3.345684289932251,2798.489678913,167.2842254638672,9.5424e-06,,1782160604.8998408,1.006813645362854,0.010986328125,76.72588348388672,0.613285481929779,0.0,0.007882154546678066,3192.0,399,1.3274402590468526e-05,9.0625,402,1.0,0.09234216809272766,5.716815948486328,-0.01141672395169735,0.019850746268656717
403,0.049072265625,-3.7485158443450928,2805.526418999,187.42579650878906,9.5312e-06,,1782160611.936824,0.9956509470939636,0.21533203125,81.89703369140625,0.6971718072891235,0.0,0.00637145945802331,3200.0,400,4.091343726031482e-06,10.1875,403,1.0,0.263523668050766,6.438983917236328,-0.010633496567606926,0.01990049751243781
404,0.049072265625,-3.3631644248962402,2822.368609075,168.15821838378906,9.52e-06,,1782160628.7781415,1.0028938055038452,0.0380859375,88.167236328125,0.7041780352592468,0.0,0.007119284477084875,3208.0,401,7.820527571311686e-06,8.75,404,1.0,0.15493473410606384,5.38683557510376,-0.012992899864912033,0.019950248756218904
405,0.0595703125,-3.5560991764068604,2829.863498571,177.80496215820312,9.5088e-06,,1782160636.2743163,1.0036414861679077,0.050537109375,87.63298034667969,0.7405191659927368,0.0,0.006929266266524792,3216.0,402,3.2018599540606374e-06,8.25,405,1.0,0.2754019796848297,4.693901062011719,-0.015131325460970402,0.02
406,0.055908203125,-3.3197546005249023,2836.749983824,165.98773193359375,9.4976e-06,,1782160643.1607935,1.0202128887176514,0.027587890625,79.33149719238281,0.6735786199569702,0.0,0.01304813101887703,3224.0,403,0.0004241953429300338,8.75,406,1.0,0.2547176480293274,5.430245399475098,-0.014851422980427742,0.020049751243781094
407,0.0537109375,-3.615884780883789,2843.747723536,180.79425048828125,9.4864e-06,,1782160650.1581068,0.9994102716445923,0.056640625,105.87594604492188,0.77455735206604,0.0,0.008669893257319927,3232.0,404,3.5193804706068477e-06,8.375,407,1.0,0.409488320350647,4.759115219116211,-0.01118430308997631,0.02009950248756219
408,0.0390625,-3.275024890899658,2851.396372144,163.75123596191406,9.475199999999999e-06,,1782160657.8070168,0.9993211030960083,0.004150390625,108.01727294921875,0.8050233125686646,0.0,0.0062282495200634,3240.0,405,5.136782874615164e-07,8.6875,408,1.0,0.16166868805885315,5.412475109100342,-0.009943032637238503,0.020149253731343283
409,0.04150390625,-3.5408709049224854,2858.76350365,177.04354858398438,9.464000000000001e-06,,1782160665.1737332,0.9971466064453125,0.04296875,87.16665649414062,0.6997029781341553,0.0,0.006563341245055199,3248.0,406,2.46599233832967e-06,8.5625,409,1.0,0.20758551359176636,5.021629333496094,-0.010576408356428146,0.020199004975124377
410,0.05322265625,-3.212890386581421,2865.954867528,160.64451599121094,9.4528e-06,,1782160672.3653529,0.9980933666229248,0.067626953125,97.62434387207031,0.7303443551063538,0.0,0.007072321604937315,3256.0,407,1.2965941095899325e-05,9.3125,410,1.0,0.1506005823612213,6.099609375,-0.014222768135368824,0.020248756218905473
411,0.04638671875,-3.1521387100219727,2873.159354911,157.60696411132812,9.4416e-06,,1782160679.5702035,1.0067055225372314,0.02294921875,84.72293853759766,0.6424592137336731,0.0,0.005670407321304083,3264.0,408,6.623448280151933e-05,8.4375,411,1.0,0.28776389360427856,5.285361289978027,-0.010219629853963852,0.020298507462686566
412,0.052978515625,-3.246206760406494,2880.118537781,162.3103485107422,9.4304e-06,,1782160686.5289524,0.9985381364822388,0.085693359375,75.27204895019531,0.5954335927963257,0.0,0.0060024685226380825,3272.0,409,8.87115402292693e-06,9.9375,412,1.0,0.20633567869663239,6.691293239593506,-0.010533208027482033,0.020348258706467663
413,0.052490234375,-3.5052056312561035,2887.116828151,175.26028442382812,9.4192e-06,,1782160693.5270402,1.0011250972747803,0.0634765625,83.87041473388672,0.6026390194892883,0.0,0.009325177408754826,3280.0,410,2.9721122700721025e-05,10.0625,413,1.0,0.10827295482158661,6.5572943687438965,-0.012529302388429642,0.020398009950248756
414,0.05126953125,-3.3608744144439697,2893.966516283,168.04373168945312,9.408e-06,,1782160700.3770256,1.0012404918670654,0.010986328125,72.46221923828125,0.5499153733253479,0.0,0.006955485790967941,3288.0,411,1.5051996342663188e-06,9.4375,414,1.0,0.14080554246902466,6.076625823974609,-0.0083748959004879,0.02044776119402985
415,0.0458984375,-3.3338356018066406,2901.007066778,166.6917724609375,9.3968e-06,,1782160707.4177818,1.0009186267852783,0.00830078125,57.82286834716797,0.47950345277786255,0.0,0.007495415862649679,3296.0,412,6.967724857531721e-06,9.0,415,1.0,0.14899194240570068,5.666164398193359,-0.011170625686645508,0.020497512437810946
416,0.030029296875,-3.212935447692871,2908.161201542,160.64675903320312,9.3856e-06,,1782160714.5717323,1.0033087730407715,0.001708984375,72.76725006103516,0.5455827116966248,0.0,0.0038521322421729565,3304.0,413,3.6476710647548316e-06,9.25,416,1.0,0.21901774406433105,6.037064552307129,-0.007872240617871284,0.02054726368159204
417,0.034912109375,-3.0111894607543945,2915.047479519,150.55947875976562,9.3744e-06,,1782160721.4581943,1.0087641477584839,0.030029296875,49.856201171875,0.4265751540660858,0.0,0.006081230938434601,3312.0,414,0.00010338600259274244,8.125,417,1.0,0.2372208684682846,5.1138105392456055,-0.0060622598975896835,0.020597014925373136
418,0.024658203125,-3.146280288696289,2921.967951087,157.3140411376953,9.363199999999999e-06,,1782160728.3784587,1.0072102546691895,0.0087890625,74.21558380126953,0.5906991958618164,0.0,0.0045699174515903,3320.0,415,1.862357930804137e-05,9.4375,418,1.0,0.17323489487171173,6.291219711303711,-0.0043883854523301125,0.02064676616915423
419,0.025390625,-2.807234287261963,2928.694959022,140.36172485351562,9.352e-06,,1782160735.1057532,1.0034794807434082,0.031494140625,54.04066467285156,0.4068695902824402,0.0,0.0028459965251386166,3328.0,416,1.3721870345762e-05,8.6875,419,1.0,0.2827615737915039,5.880265712738037,-0.0053700669668614864,0.020696517412935322
420,0.01708984375,-2.8359413146972656,2935.270634708,141.79705810546875,9.3408e-06,,1782160741.6809719,1.0029422044754028,0.07080078125,46.32129669189453,0.3695753812789917,0.0,0.0018182744970545173,3336.0,417,2.1324065528460778e-05,7.9375,420,1.0,0.12457162141799927,5.101558685302734,-0.0032282713800668716,0.02074626865671642
421,0.020751953125,-3.0740623474121094,2942.108586203,153.703125,9.3296e-06,,1782160748.5189831,1.002917766571045,0.076416015625,59.29409408569336,0.46904298663139343,0.0,0.0023987065069377422,3344.0,418,5.053417680755956e-06,9.3125,421,1.0,0.18507367372512817,6.238437652587891,-0.004636945202946663,0.020796019900497512
422,0.020263671875,-2.704869031906128,2949.38674939,135.24346923828125,9.318399999999999e-06,,1782160755.7973273,1.0015023946762085,0.10693359375,43.830772399902344,0.36860162019729614,0.0,0.003042761702090502,3352.0,419,1.3097475857648533e-05,7.625,422,1.0,0.2617693543434143,4.920130729675293,-0.0038371440023183823,0.020845771144278605
423,0.029541015625,-2.94075345993042,2956.448674553,147.03768920898438,9.3072e-06,,1782160762.859327,1.0045487880706787,0.049072265625,61.28514862060547,0.5136389136314392,0.0,0.0060045975260436535,3360.0,420,1.3833884622727055e-05,8.125,423,1.0,0.17645563185214996,5.18424654006958,-0.006677679717540741,0.020895522388059702
424,0.0322265625,-3.112900495529175,2963.33715403,155.64501953125,9.296e-06,,1782160769.7474542,0.9993776679039001,0.019287109375,53.97727966308594,0.44723859429359436,0.0,0.004513846710324287,3368.0,421,3.4043901564473344e-07,8.375,424,1.0,0.18857091665267944,5.262099266052246,-0.008342689834535122,0.020945273631840795
425,0.033935546875,-3.1742663383483887,2970.522334671,158.71331787109375,9.2848e-06,,1782160776.9329038,0.9991140365600586,0.003662109375,60.282901763916016,0.4944957196712494,0.0,0.0044525195844471455,3376.0,422,3.7838915432075737e-06,9.125,425,1.0,0.2132420837879181,5.950733661651611,-0.007474270649254322,0.020995024875621892
426,0.022216796875,-2.930171251296997,2977.835533105,146.50856018066406,9.2736e-06,,1782160784.2457561,0.9960051774978638,0.012939453125,51.25984573364258,0.39675483107566833,0.0,0.0024931454099714756,3384.0,423,1.4360074601427186e-05,8.875,426,1.0,0.10941754281520844,5.944828987121582,-0.0033092410303652287,0.021044776119402985
427,0.034912109375,-2.9076590538024902,2985.101247875,145.38294982910156,9.2624e-06,,1782160791.51178,1.0013490915298462,0.085205078125,55.11109924316406,0.46924546360969543,0.0,0.007181187625974417,3392.0,424,4.930001523462124e-06,7.34375,427,1.0,0.22800733149051666,4.43609094619751,-0.012713071890175343,0.02109452736318408
428,0.043212890625,-3.165893077850342,2992.143717568,158.29466247558594,9.2512e-06,,1782160798.5541456,0.9979166984558105,0.0,53.644081115722656,0.43776020407676697,0.0,0.010380199179053307,3400.0,425,1.5670290167690837e-06,8.5625,428,1.0,0.09361980855464935,5.396606922149658,-0.009711159393191338,0.021144278606965175
429,0.03466796875,-3.232269048690796,2999.143862249,161.6134490966797,9.24e-06,,1782160805.5542724,0.9984643459320068,0.108642578125,69.03854370117188,0.5295397043228149,0.0,0.006262456066906452,3408.0,426,8.338051884493325e-07,9.875,429,1.0,0.2993624806404114,6.642730712890625,-0.007842273451387882,0.021194029850746268
